substrate,fraction,n,historical_cosine_mean,historical_cosine_sd,max_cosine_mean,max_cosine_sd,malignant_rmse_mean,malignant_rmse_sd,historical_states,max_states,fit_seconds_mean
openst,0.5,3,0.9662612372365986,0.020575592232224812,0.9664085133155377,0.020361115916523734,0.08458424121565587,0.0009519188676522004,"ABSTAIN,ABSTAIN,ABSTAIN","ABSTAIN,ABSTAIN,ABSTAIN",4.5327408609991835
openst,0.75,3,0.9740151548150834,0.010975784914952255,0.9740151548150834,0.010975784914952255,0.07860283658661056,0.0017849877086717279,"ABSTAIN,ABSTAIN,ABSTAIN","ABSTAIN,ABSTAIN,ABSTAIN",7.032903303332811
openst,1.0,1,0.9726782006904068,,0.9726782006904068,,0.0761644598967737,,ABSTAIN,ABSTAIN,10.064405389999592
realgt,0.5,3,0.9790274433598795,0.01402875812045104,0.9790274433598795,0.01402875812045104,0.1698945051024067,0.0317144165551534,"ABSTAIN,ABSTAIN,ABSTAIN","ABSTAIN,ABSTAIN,ABSTAIN",0.3917879733332181
realgt,0.75,3,0.9826357583562696,0.004470498158473075,0.9826357583562696,0.004470498158473075,0.17333097143854514,0.008821680183848006,"ABSTAIN,ABSTAIN,ABSTAIN","ABSTAIN,ABSTAIN,ABSTAIN",0.6104311163338328
realgt,1.0,1,0.9801955148800638,,0.9801955148800638,,0.1682442157836742,,ABSTAIN,ABSTAIN,0.7563415199983865
realgt3,0.5,3,0.5604924002132888,0.012713333613326416,0.8720058390731241,0.05720215188044626,0.14225567091603247,0.04433762043267902,"KEEP,KEEP,KEEP","ABSTAIN,ABSTAIN,ABSTAIN",4.88584778733275
realgt3,0.75,3,0.6120850530800298,0.046906485514769516,0.841250525781743,0.024775134256092197,0.12286142271770446,0.0012844531586841323,"KEEP,KEEP,KEEP","ABSTAIN,ABSTAIN,ABSTAIN",7.477186251668172
realgt3,1.0,1,0.6036660924174724,,0.8246995918444192,,0.1219598920033765,,KEEP,ABSTAIN,10.35394180000003
