spot,x,y,tumor_hat
cosmx_bcc_spot_0000000665,-496793.76388474193,35563.474301461276,0.9649873782855702
cosmx_bcc_spot_0000001062,-496428.2850769842,33003.01017128881,0.91353903861555
cosmx_bcc_spot_0000001070,-496446.3089775802,35926.629473875066,0.95783849470104
cosmx_bcc_spot_0000001460,-496033.2350769841,30843.164017442647,0.2451649976467534
cosmx_bcc_spot_0000001461,-496053.60349803674,31223.747013394095,0.9819854675069518
cosmx_bcc_spot_0000001471,-496059.3456155113,34827.474301461276,0.9500634447722422
cosmx_bcc_spot_0000001879,-495690.0331155113,36298.458172429026,0.9488013281398138
cosmx_bcc_spot_0000002269,-495350.00650555565,31200.75302843169,0.9784576324137936
cosmx_bcc_spot_0000002270,-495315.79757698416,31528.1976712888,0.5018154506973987
cosmx_bcc_spot_0000002681,-494991.2266638984,34126.52268855805,0.959280080593353
cosmx_bcc_spot_0000003088,-494642.1164488445,35201.30763479461,0.8385048903646566
cosmx_bcc_spot_0000003095,-494594.0653735758,37732.68397888063,1.0313531698551193e-15
cosmx_bcc_spot_0000003482,-494263.4850769842,31555.01017128881,0.0027080227750626
cosmx_bcc_spot_0000003585,-494237.2805758572,68903.96057774899,0.923192548087228
cosmx_bcc_spot_0000003901,-493900.23311551113,37006.0493014613,0.9999999879563006
cosmx_bcc_spot_0000003986,-493898.37581395265,67789.60343489182,0.0957106205837015
cosmx_bcc_spot_0000004291,-493530.9703711019,31944.480759524125,0.9225980563998452
cosmx_bcc_spot_0000004297,-493516.6997821778,34123.35891684591,0.9918588905625916
cosmx_bcc_spot_0000004307,-493554.11311551114,37725.934301461275,0.562324544665403
cosmx_bcc_spot_0000004395,-493506.1591472858,69560.59343489187,0.8855968730590678
cosmx_bcc_spot_0000004708,-493245.933115511,36606.97430146129,0.9716687170964824
cosmx_bcc_spot_0000004711,-493254.74740122526,37788.68858717558,4.171832675078536e-09
cosmx_bcc_spot_0000004795,-493146.8877187145,68166.13914917754,0.1735344078640045
cosmx_bcc_spot_0000004797,-493269.0360703629,68907.04574258415,0.8599129489509533
cosmx_bcc_spot_0000005098,-492811.3779341271,31588.47445700311,0.9294995136834312
cosmx_bcc_spot_0000005605,-492449.1170420226,68875.66922436556,0.9972057253372596
cosmx_bcc_spot_0000006015,-492157.7924806194,70933.02010155853,0.9618833935532282
cosmx_bcc_spot_0000006412,-491747.73334083415,68528.32117682735,0.9286988071601155
cosmx_bcc_spot_0000007219,-491004.41860674525,68177.24532678376,0.8421023356446452
cosmx_bcc_spot_0000007223,-490943.1330603293,69577.39691315273,0.9009195567318256
cosmx_bcc_spot_0000007623,-490657.7369250636,68153.68676822519,0.8886575427674976
cosmx_bcc_spot_0000008832,-489437.929091731,67042.2182909114,0.9463566618684792
cosmx_bcc_spot_0000009234,-489194.83293788484,66374.52598321914,0.5000200171089662
cosmx_bcc_spot_0000009969,-488446.77383608324,39920.849655798236,9.970514837503935e-05
cosmx_bcc_spot_0000009973,-488455.74050274986,41380.616322464906,0.0142200001141602
cosmx_bcc_spot_0000010102,-487993.98989394197,-58151.261082431105,2.2854909011176296e-11
cosmx_bcc_spot_0000010360,-488009.82514373143,35237.38552562574,0.9832939419912442
cosmx_bcc_spot_0000010362,-488011.9640326203,35933.94108118129,0.9596500376849122
cosmx_bcc_spot_0000010366,-488022.27492579,37389.212880654486,0.0072978306797582
cosmx_bcc_spot_0000010450,-488101.2085034957,67802.45358502911,0.810498890085974
cosmx_bcc_spot_0000010763,-487737.9236285799,34831.82491956513,0.8900113834256616
cosmx_bcc_spot_0000010775,-487757.7405027499,39163.716322464905,2.1431834455215995e-10
cosmx_bcc_spot_0000010776,-487697.77383608324,39590.01632246491,1.8655238127565988e-15
cosmx_bcc_spot_0000011577,-487021.5418103981,36998.8021922924,1.273221026024474e-15
cosmx_bcc_spot_0000011578,-487036.10643935995,37331.49125877314,1.7908892180204478e-10
cosmx_bcc_spot_0000011719,-486674.2898939421,-57897.41108243111,4.823747159469545e-12
cosmx_bcc_spot_0000011982,-486663.50520900753,37371.000215960135,0.0001024645229779
cosmx_bcc_spot_0000012069,-486686.3609099128,68899.49101818417,0.8175035412965395
cosmx_bcc_spot_0000012124,-486268.4975862497,-57572.21492858495,2.6208253543534706e-05
cosmx_bcc_spot_0000012386,-486279.5000892461,37345.09236438292,0.0110643100549961
cosmx_bcc_spot_0000012466,-486268.31067067833,66387.21829091142,0.5584465813095754
cosmx_bcc_spot_0000012790,-485893.62350970285,37365.548931399,0.7514601589076365
cosmx_bcc_spot_0000012795,-485874.4071694165,39190.78298913157,3.955776332544615e-06
cosmx_bcc_spot_0000012935,-485551.88989394216,-56403.8110824311,0.8184291779268595
cosmx_bcc_spot_0000013191,-485561.9018103981,36312.79219229241,1.4772246735612344e-15
cosmx_bcc_spot_0000013737,-484821.2174861165,-58648.368271797095,2.042112393026969e-07
cosmx_bcc_spot_0000013994,-484839.3300456922,34463.90513346887,0.3502637859252842
cosmx_bcc_spot_0000014142,-484432.5590971023,-58321.32709527356,1.9907283981432224e-15
cosmx_bcc_spot_0000014401,-484451.2275246838,35581.49504943526,0.526122933414126
cosmx_bcc_spot_0000014402,-484476.12642578216,35923.64834613856,0.992843317467846
cosmx_bcc_spot_0000014406,-484455.6108902849,37377.89420731231,0.9999999999127136
cosmx_bcc_spot_0000014409,-484532.551613861,38465.01632246491,0.1536867919290785
cosmx_bcc_spot_0000014545,-484124.39243043563,-58605.82709527356,2.646070615703358e-11
cosmx_bcc_spot_0000015762,-483030.42576376896,-56799.0604286069,1.0103315183520297e-13
cosmx_bcc_spot_0000015845,-483003.5916492382,-26737.315599815796,0.0071986517043323
cosmx_bcc_spot_0000015851,-483023.658315905,-24606.915599815802,1.1198342879162823e-11
cosmx_bcc_spot_0000016006,-483062.2567025088,31575.256466411953,0.992071030563316
cosmx_bcc_spot_0000016256,-482704.858315905,-24150.733781633982,0.4681068639405595
cosmx_bcc_spot_0000016257,-482653.3320001154,-23838.49454718422,0.2788467035614188
cosmx_bcc_spot_0000016431,-482721.4041467523,39190.02443914175,0.0870277860007085
cosmx_bcc_spot_0000016538,-482654.7731479916,77944.58770463822,0.8828184072198756
cosmx_bcc_spot_0000016570,-482309.39243043563,-56782.71598416245,0.1187319354800512
cosmx_bcc_spot_0000016654,-482317.5855886322,-26422.09741799762,3.928344558534707e-05
cosmx_bcc_spot_0000016828,-482315.6037265843,36630.43200216697,0.9905939632051604
cosmx_bcc_spot_0000017060,-481910.6083159049,-25607.582266482466,1.2842372787383517e-15
cosmx_bcc_spot_0000017336,-481954.72428043024,74304.40500470051,0.9680494942370516
cosmx_bcc_spot_0000017347,-481895.48743370577,78296.90516495568,0.8169274608055728
cosmx_bcc_spot_0000017468,-481577.4946795413,-24216.279236179438,1.8990728586800813e-15
cosmx_bcc_spot_0000017614,-481575.61384536594,28663.506466411956,0.7287210596409343
cosmx_bcc_spot_0000017615,-481597.76219701394,29046.577894983402,0.6273062418700532
cosmx_bcc_spot_0000017619,-481567.16803255805,30470.336515673036,0.8637953175015907
cosmx_bcc_spot_0000017623,-481567.68527393736,31894.292180697666,0.7891259225243628
cosmx_bcc_spot_0000017723,-481567.58593620354,68173.00078738207,0.7741465377269863
cosmx_bcc_spot_0000017737,-481571.02297324035,73233.23899162856,0.9999953976375926
cosmx_bcc_spot_0000017738,-481560.5049176847,73587.33760273967,0.9999999987733778
cosmx_bcc_spot_0000018041,-481209.22767616407,37005.84796855351,0.9595430661338364
cosmx_bcc_spot_0000018141,-481233.71654049197,73231.23782203795,0.9999998871030872
cosmx_bcc_spot_0000018147,-481195.488595146,75418.73675612875,0.9999460720638952
cosmx_bcc_spot_0000018271,-480875.07260161935,-26020.308456958646,0.9869853311177148
cosmx_bcc_spot_0000018450,-480878.9086716392,38809.827606562576,0.9812800837481346
cosmx_bcc_spot_0000018530,-480879.5746640617,67841.37437836434,0.5071075523625264
cosmx_bcc_spot_0000018536,-480851.855296473,69973.27688165814,0.9999999899859134
cosmx_bcc_spot_0000018550,-480864.7156767273,75067.67199582596,0.9703832542773264
cosmx_bcc_spot_0000018665,-480507.91114364215,-29646.575382162206,0.7184207587855956
cosmx_bcc_spot_0000018674,-480490.39677744353,-26350.915599815788,0.9031737102760812
cosmx_bcc_spot_0000018829,-480487.2269406039,29788.327894983388,0.6787873871928436
cosmx_bcc_spot_0000018943,-480481.7250753427,71065.65460724421,0.9950315167515464
cosmx_bcc_spot_0000018950,-480505.06741768506,73582.95010273975,0.9999984269655576
cosmx_bcc_spot_0000018961,-480489.82691143255,77572.6808946024,0.9449355488317464
cosmx_bcc_spot_0000019066,-480097.0367475067,-30646.546396654958,0.3000748735042591
cosmx_bcc_spot_0000019072,-480115.7326539395,-28523.563940514607,0.9985957586040122
cosmx_bcc_spot_0000019078,-480143.3744449374,-26355.98011594482,0.999434644480258
cosmx_bcc_spot_0000019360,-480136.7812780728,75752.175780519,0.9619287147375224
cosmx_bcc_spot_0000019364,-480122.67314799165,77212.17659352713,0.7778107195175668
cosmx_bcc_spot_0000019367,-480135.35981465824,78318.40992686045,0.8164520402747588
cosmx_bcc_spot_0000019482,-479885.85831590503,-26450.772742672943,0.9694140780739026
cosmx_bcc_spot_0000019655,-479777.8616630922,36343.455811690765,0.9944939594691976
cosmx_bcc_spot_0000019760,-479807.69704731466,74345.66862125827,0.9110699612282182
cosmx_bcc_spot_0000020069,-479416.80610753666,39919.24747835745,0.9843786684344182
cosmx_bcc_spot_0000020150,-479399.2866795217,69233.6260509045,0.999772767122632
cosmx_bcc_spot_0000020177,-479419.7255289437,78971.23849828898,8.676289562441987e-12
cosmx_bcc_spot_0000020469,-479056.23203346255,38453.75210798708,0.9662952108865056
cosmx_bcc_spot_0000020473,-479036.07944087,39911.70914502411,0.9679141158293624
cosmx_bcc_spot_0000020871,-478812.63944086997,37724.16414502409,0.982690805382851
cosmx_bcc_spot_0000020873,-478826.75055198115,38459.9002561352,0.9629228963388996
cosmx_bcc_spot_0000020964,-478664.8866795217,71420.61176519022,0.9999381724600286
cosmx_bcc_spot_0000021370,-478331.1664414264,72088.76057471403,0.9997596901193964
cosmx_bcc_spot_0000021781,-477825.68743967795,74584.3330382199,0.8999040336038704
cosmx_bcc_spot_0000022168,-477606.2831080932,68505.84390804735,0.9167382954427068
cosmx_bcc_spot_0000023386,-476490.48751985794,70714.1453786356,0.9801009473225908
cosmx_bcc_spot_0000023387,-476507.0414414266,71060.17724138068,0.999999996887681
cosmx_bcc_spot_0000023774,-476153.60757395416,64894.304336595196,0.0027788574577283
cosmx_bcc_spot_0000023792,-476136.9986486337,71417.48242156087,0.9806425990261778
cosmx_bcc_spot_0000024199,-475783.29231772624,72503.90864797596,0.9243200268813676
cosmx_bcc_spot_0000024205,-475806.36979261873,74623.08009704339,0.9889667421570532
cosmx_bcc_spot_0000024606,-475429.6749396776,73581.40178821987,0.8985835182401222
cosmx_bcc_spot_0000024608,-475462.6344985011,74310.96244998457,0.876184311860409
cosmx_bcc_spot_0000024991,-475061.87632395374,66716.02516992854,0.9532780806546692
cosmx_bcc_spot_0000024994,-474989.34875042475,67731.01414051677,0.7872157067955597
cosmx_bcc_spot_0000025006,-475029.7966408108,72240.94131587242,0.5326249812583127
cosmx_bcc_spot_0000025014,-475085.3335935241,75070.24073052761,3.496183604484141e-06
cosmx_bcc_spot_0000025391,-474696.40757395414,65267.21266992853,0.0501550794909889
cosmx_bcc_spot_0000025415,-474722.63029682083,73910.79018107706,0.0524266994878274
cosmx_bcc_spot_0000025797,-474320.1495094376,65996.70863767048,0.969133333172874
cosmx_bcc_spot_0000025809,-474356.32156412664,70332.41718390943,0.8137655652487693
cosmx_bcc_spot_0000026210,-473975.9939779197,69237.28140804736,0.9826680034927008
cosmx_bcc_spot_0000026223,-474000.1003429034,73917.73948983278,0.8359088624332948
cosmx_bcc_spot_0000026604,-473626.7779443242,65638.31915141002,0.9414958718217776
cosmx_bcc_spot_0000027008,-473256.80757395417,65599.9043365952,0.5660755612410239
cosmx_bcc_spot_0000027421,-472866.8097673937,68906.23206594212,1.2629206589633162e-15
cosmx_bcc_spot_0000027426,-472892.41705484287,70700.6227542012,0.9626197438328442
cosmx_bcc_spot_0000027821,-472673.5325739541,67436.0876699285,0.9762813475689882
cosmx_bcc_spot_0000027834,-472584.8273112534,72069.9689080474,0.7715268428230053
cosmx_bcc_spot_0000028237,-472177.19397792005,71753.76890804741,0.5596259216039712
cosmx_bcc_spot_0000028633,-471835.13034155645,68876.05981713832,0.0011467161497361
cosmx_bcc_spot_0000029044,-471423.52029370907,71408.67943436315,0.9999993846607754
cosmx_bcc_spot_0000029446,-471170.54660949897,70707.60048699476,0.9993242628631464
cosmx_bcc_spot_0000040460,-460938.4128423481,-37205.29872404621,0.8205378250879579
cosmx_bcc_spot_0000040870,-460540.78389497974,-35042.90135562515,0.8377459036687072
cosmx_bcc_spot_0000040899,-460511.05904583225,-24453.87101905914,0.1730994472469771
cosmx_bcc_spot_0000041305,-460198.719760118,-23844.513876201996,0.665923719287327
cosmx_bcc_spot_0000042086,-459405.2451952894,-33632.96637110502,0.7917437562473099
cosmx_bcc_spot_0000042481,-459132.19617568125,-36854.98205737956,0.8812870881256377
cosmx_bcc_spot_0000042518,-459151.8902146634,-23467.741148929268,0.9434663388597776
cosmx_bcc_spot_0000042886,-458793.2199852052,-36508.84872404621,0.8478040906662778
cosmx_bcc_spot_0000042917,-458772.79476011795,-25276.363876201995,0.7386894217005762
cosmx_bcc_spot_0000042921,-458766.2578035962,-23836.448658810692,0.9914660829076752
cosmx_bcc_spot_0000043326,-458403.34476011794,-23484.163876201994,0.7968003160187586
cosmx_bcc_spot_0000044129,-457672.54476011795,-25280.113876201995,0.9198658056248252
cosmx_bcc_spot_0000044499,-457309.19617568137,-37445.51539071286,0.936080933662462
cosmx_bcc_spot_0000044510,-457327.802842348,-33663.52872404622,0.6403631373804177
cosmx_bcc_spot_0000044541,-457425.0114267847,-22500.347209535328,0.7410325431909878
cosmx_bcc_spot_0000044914,-456976.93427091953,-33600.753485950976,0.691946581009287
cosmx_bcc_spot_0000045296,-456607.802671331,-41609.664041303,0.9704841268298684
cosmx_bcc_spot_0000045343,-456572.7565248239,-24574.307993849055,0.9021046340553108
cosmx_bcc_spot_0000046105,-455859.90267133096,-41231.58904130299,0.8949680514848581
cosmx_bcc_spot_0000046517,-455539.6722365485,-38333.79991086821,0.8129983450603974
cosmx_bcc_spot_0000046528,-455527.07599084696,-34304.225776385414,0.801685127497868
cosmx_bcc_spot_0000046919,-455104.0248935532,-39081.20570796967,1.8724951457825816e-15
cosmx_bcc_spot_0000046934,-455166.8693631666,-33603.21408047899,0.8545476199567352
cosmx_bcc_spot_0000046942,-455103.98576528317,-30836.293445558338,0.4775167014118993
cosmx_bcc_spot_0000047318,-454768.3481258765,-40869.084495848445,0.741033800377822
cosmx_bcc_spot_0000047319,-454788.177671331,-40460.664041302996,0.7040582313816813
cosmx_bcc_spot_0000047334,-454767.628622426,-34969.07915984405,0.6344013531945586
cosmx_bcc_spot_0000047367,-454789.521327312,-23113.933682505194,0.9406381497187104
cosmx_bcc_spot_0000047372,-454777.1070415977,-21276.690825362337,0.9574891938718194
cosmx_bcc_spot_0000047721,-454436.5248935532,-41230.09459685855,0.6896331660370919
cosmx_bcc_spot_0000048126,-454113.552671331,-40837.664041303,0.2655987805944711
cosmx_bcc_spot_0000048145,-454066.6286224259,-33989.2363027012,0.7200381939034676
cosmx_bcc_spot_0000048180,-454051.121327312,-21285.533682505196,0.7793612400767442
cosmx_bcc_spot_0000048183,-454088.65466064535,-20262.583682505192,0.9424579985484944
cosmx_bcc_spot_0000048576,-453753.7141844548,-24212.012253933768,0.8134579639611786
cosmx_bcc_spot_0000048951,-453320.9707276891,-34715.804723753834,0.746957667953283
cosmx_bcc_spot_0000048960,-453343.3878816851,-31450.95482121973,0.4614234891700877
cosmx_bcc_spot_0000048985,-453352.571327312,-22386.1836825052,0.8906498272055798
cosmx_bcc_spot_0000048987,-453237.11678185745,-21694.85640977793,0.7379872058494046
cosmx_bcc_spot_0000048989,-453279.821327312,-20959.917015838535,0.4914806440204998
cosmx_bcc_spot_0000049794,-452612.42847016914,-22032.059872981386,0.9650952147700678
cosmx_bcc_spot_0000050199,-452238.946327312,-21686.333682505192,0.9630965347012772
cosmx_bcc_spot_0000051001,-451508.5237082644,-23842.107492029005,0.8454943420213588
cosmx_bcc_spot_0000051006,-451537.8491050897,-22023.91701583853,0.9974422485820524
cosmx_bcc_spot_0000051008,-451537.21838613553,-21312.64250603461,0.786005169245012
cosmx_bcc_spot_0000051010,-451506.4134325752,-20565.53105092625,0.8662879979347939
cosmx_bcc_spot_0000051411,-451178.4821366509,-21649.52812694964,0.8358936016558753
cosmx_bcc_spot_0000051412,-451131.88607907697,-21335.678920600432,0.9946089677611124
cosmx_bcc_spot_0000052221,-450435.4071971393,-20944.983682505193,0.9590591503911268
cosmx_bcc_spot_0000054241,-448621.84053047263,-20966.217015838527,0.99528702591287
cosmx_bcc_spot_0000054643,-448235.15265168453,-21651.67459159611,0.5759516381809047
cosmx_bcc_spot_0000054644,-448233.08088134974,-21306.636314084142,0.9773716046495244
cosmx_bcc_spot_0000055047,-447894.3571971392,-21638.5836825052,0.7365431675139983
cosmx_bcc_spot_0000055448,-447598.7738638057,-22710.5836825052,2.510185436549462e-06
cosmx_bcc_spot_0000055455,-447587.2738638057,-20306.91701583853,0.008855683258332
cosmx_bcc_spot_0000055853,-447155.40719713905,-22433.3836825052,0.0533708141504279
cosmx_bcc_spot_0000063692,-440230.29370047187,36687.608601648826,0.7242587924359404
cosmx_bcc_spot_0000063693,-440295.6783158564,37011.703624273265,0.3585702549558304
cosmx_bcc_spot_0000064497,-439558.2437004718,35569.89977811942,0.821084121312732
cosmx_bcc_spot_0000064900,-439209.3603671386,35249.14977811941,0.8139289790071749
cosmx_bcc_spot_0000064901,-439191.96036713856,35586.683111452745,0.9024208835053836
cosmx_bcc_spot_0000064997,-439201.83390891063,70329.25145561482,0.0414211037586947
cosmx_bcc_spot_0000065002,-439189.88152795826,72214.7435191069,0.2879623824301306
cosmx_bcc_spot_0000065290,-438926.5956619446,30109.3856479469,0.1133266411778785
cosmx_bcc_spot_0000065307,-438840.7147531034,36269.97083075099,0.936067247701774
cosmx_bcc_spot_0000065398,-438827.55185762857,69289.4138487772,1.3140544663652182e-10
cosmx_bcc_spot_0000065405,-438855.06724224397,71778.6292333926,0.3129597018439359
cosmx_bcc_spot_0000065683,-438521.74533606454,26210.033282480294,1.0643033565397624e-11
cosmx_bcc_spot_0000065689,-438485.81256295525,28323.192946345836,1.827670645856671e-15
cosmx_bcc_spot_0000065697,-438483.02197773417,31210.16459531533,0.2597176720823906
cosmx_bcc_spot_0000065700,-438456.99566194473,32304.58564794691,0.7922513849685796
cosmx_bcc_spot_0000065738,-438456.67341058387,46063.599620107314,1.900428798595496e-15
cosmx_bcc_spot_0000065801,-438476.27835335507,68877.69590005926,0.2327941225969835
cosmx_bcc_spot_0000066101,-438090.6067730557,31226.418981280243,0.6488102122166939
cosmx_bcc_spot_0000066102,-438126.70618826046,31579.58564794691,0.7549048377909463
cosmx_bcc_spot_0000066103,-438115.8956619445,31944.035647946912,0.8544918047843034
cosmx_bcc_spot_0000066117,-438143.7054651777,37030.66742517824,0.9395091504509586
cosmx_bcc_spot_0000066122,-438073.23291822337,38810.680574958555,1.6420177257435578e-15
cosmx_bcc_spot_0000066136,-438098.9472201077,43904.48057248827,4.4623509321260034e-10
cosmx_bcc_spot_0000066245,-437996.15771832305,83350.6198911163,4.6232146475332136e-11
cosmx_bcc_spot_0000066510,-437759.5609392347,33027.43524015244,0.5672006005837582
cosmx_bcc_spot_0000066522,-437768.19958489016,37374.3139082919,0.970811226479935
cosmx_bcc_spot_0000066523,-437755.11011120596,37736.46127671296,0.7692467527133104
cosmx_bcc_spot_0000066524,-437739.60228759254,38092.35174612975,0.97984526291288
cosmx_bcc_spot_0000066611,-437739.64092645445,69614.7134439189,0.7919351682513828
cosmx_bcc_spot_0000066618,-437746.66724224394,72133.5292333926,1.782574740331436e-15
cosmx_bcc_spot_0000066934,-437374.26995526033,40268.513908291905,0.8464957707072452
cosmx_bcc_spot_0000066941,-437419.1972201077,42877.8139058216,3.7850837955646043e-13
cosmx_bcc_spot_0000066945,-437456.8463429149,44258.05074792688,0.6162815966620626
cosmx_bcc_spot_0000067012,-437393.7826268593,68496.87538723875,4.00406201910261e-09
cosmx_bcc_spot_0000067033,-437373.4352949673,76100.89312865613,0.0570242432095134
cosmx_bcc_spot_0000067034,-437448.07021560223,76529.90900167203,8.814540855929697e-16
cosmx_bcc_spot_0000067061,-437432.6160516564,86285.7310022274,1.0408662795686808e-10
cosmx_bcc_spot_0000067295,-437025.098277241,24688.14003629293,0.2971371598158409
cosmx_bcc_spot_0000067312,-437046.8706619446,30840.293981280247,0.8398213815548917
cosmx_bcc_spot_0000067315,-437010.44804289704,31959.204695565957,0.1515869237290279
cosmx_bcc_spot_0000067323,-437027.8846095627,34827.32250539214,0.956312999439986
cosmx_bcc_spot_0000067347,-437059.6972201077,43531.897239154925,1.1556373162979869e-15
cosmx_bcc_spot_0000067415,-437028.0005755773,68283.19590005928,8.125768332124642e-10
cosmx_bcc_spot_0000067419,-437020.35474224394,69624.21673339259,0.9430104568360348
cosmx_bcc_spot_0000067434,-437033.3380727451,75101.21257310057,0.834625558044175
cosmx_bcc_spot_0000067462,-436963.3327183231,85183.71989111633,0.0019377538304324
cosmx_bcc_spot_0000067847,-436700.9630727451,78274.67090643391,0.8745381603315071
cosmx_bcc_spot_0000067848,-436650.79371790634,78661.85370213287,0.6785604346208538
cosmx_bcc_spot_0000068110,-436298.473277241,27272.413184441077,1.7043867681696824e-15
cosmx_bcc_spot_0000068130,-436315.45266792865,34444.04977811941,0.874066637537681
cosmx_bcc_spot_0000068132,-436330.43821634166,35210.09523266487,0.9243920052600392
cosmx_bcc_spot_0000068227,-436288.667242244,69612.47923339259,0.8240314587584324
cosmx_bcc_spot_0000068235,-436362.73867081536,72393.17209053547,0.9726548537133544
cosmx_bcc_spot_0000068244,-436302.7348118755,75762.46800788319,0.8035647960056226
cosmx_bcc_spot_0000068253,-436318.624837451,78975.27874957117,0.1394695945991707
cosmx_bcc_spot_0000068265,-436297.6577183231,83373.49489111631,0.513265527145798
cosmx_bcc_spot_0000068268,-436298.8382738787,84474.61989111632,0.4684605531287348
cosmx_bcc_spot_0000068509,-435949.48958158883,25425.534561252673,0.1064524630093702
cosmx_bcc_spot_0000068513,-435979.98716612987,26892.954851107745,1.7320144782858138e-15
cosmx_bcc_spot_0000068520,-435940.4956619445,29385.871362232625,1.0366513282516477e-15
cosmx_bcc_spot_0000068633,-436000.36724224396,70331.1292333926,0.794305283791041
cosmx_bcc_spot_0000068668,-435939.0327183231,83048.45322444962,1.5911651672023778e-15
cosmx_bcc_spot_0000068911,-435572.96494390763,24687.688184441075,0.3142588432297765
cosmx_bcc_spot_0000068931,-435642.3138437627,31952.449284310547,1.5847237085588302e-15
cosmx_bcc_spot_0000068955,-435544.3440293344,40618.847241625226,1.4117424078020656e-15
cosmx_bcc_spot_0000069042,-435617.83390891063,72155.80701117037,0.931822618101562
cosmx_bcc_spot_0000069076,-435596.23271832307,84442.36989111632,0.4374291020964658
cosmx_bcc_spot_0000069317,-435220.6697058124,25389.907232060123,0.2385373783741801
cosmx_bcc_spot_0000069355,-435206.39958489,39179.05236983037,0.6505142941956228
cosmx_bcc_spot_0000069376,-435273.330553441,46671.11390582159,2.0058267079311968e-15
cosmx_bcc_spot_0000069486,-435211.1009001413,86634.07443657088,0.3417622410281664
cosmx_bcc_spot_0000069718,-434933.498277241,24470.221517774404,0.9070312153885884
cosmx_bcc_spot_0000069749,-434902.78411575354,35594.00432357395,1.828576172198845e-15
cosmx_bcc_spot_0000069882,-434852.2827183231,83724.46199637948,1.2609361814248532e-15
cosmx_bcc_spot_0000070146,-434468.079570299,33074.5497781194,0.0671677215694327
cosmx_bcc_spot_0000070148,-434446.329570299,33730.660889230516,1.3527244242822476e-15
cosmx_bcc_spot_0000070550,-434108.72957029904,33077.61644478608,9.378460883723673e-16
cosmx_bcc_spot_0000070699,-434128.23726377764,86992.43807293451,0.8048331582185135
cosmx_bcc_spot_0000070963,-433794.71052267996,36301.216444786085,0.7341892303486344
cosmx_bcc_spot_0000070965,-433769.90851766744,37023.07609390889,1.5540900661509494e-15
cosmx_bcc_spot_0000071103,-433879.40771832305,87023.2448911163,0.3089674006285922
cosmx_bcc_spot_0000071358,-433440.429570299,33074.2497781194,0.1972200769915226
cosmx_bcc_spot_0000071505,-433419.8685881499,86258.12119876474,1.7281783284453712e-15
cosmx_bcc_spot_0000071764,-433042.829570299,33803.2497781194,1.5437652737852101e-15
cosmx_bcc_spot_0000071907,-433067.46144529287,85539.8497701933,1.2227185116923705e-15
cosmx_bcc_spot_0000072176,-432696.72957029904,36673.28311145274,1.7583584098567682e-15
cosmx_bcc_spot_0000072303,-432739.13676996826,82637.4211987647,0.0065395839514177
cosmx_bcc_spot_0000072309,-432727.7801266116,84833.65196799548,9.568045788169014e-16
cosmx_bcc_spot_0000072573,-432313.77401474345,34094.43866700829,1.2983593227683661e-15
cosmx_bcc_spot_0000072711,-432336.11858814996,84114.62119876473,9.68328206460032e-16
cosmx_bcc_spot_0000073121,-431972.06858814997,86293.67119876473,1.6055366139647142e-15
cosmx_bcc_spot_0000074331,-430841.2519214833,85562.68786543139,1.426593134943285e-15
cosmx_bcc_spot_0000074732,-430517.4549517864,84475.28483512839,1.2494093079316446e-15
cosmx_bcc_spot_0000074736,-430495.47648288676,85881.52646192264,1.5177969014130432e-15
cosmx_bcc_spot_0000075134,-430136.46144529287,83739.27834162186,1.916482799459115e-15
cosmx_bcc_spot_0000076451,-428663.21139984584,-24552.196532068705,0.9283115000806068
cosmx_bcc_spot_0000076859,-428317.8591271186,-23151.651077523256,0.5632848241475272
cosmx_bcc_spot_0000078070,-427245.7017844612,-23473.619608991783,0.9059657236967684
cosmx_bcc_spot_0000078072,-427269.19751095696,-22768.863198735376,0.9566363023426075
cosmx_bcc_spot_0000078473,-426865.7530665125,-23816.474309846486,0.9101993453290624
cosmx_bcc_spot_0000078475,-426887.95596506324,-23105.348705981753,0.9251486303817604
cosmx_bcc_spot_0000078477,-426834.98639984586,-22458.796532068704,0.9446113345688808
cosmx_bcc_spot_0000078875,-426513.808622068,-24580.640976513154,0.9418299213302986
cosmx_bcc_spot_0000079281,-426189.7706103721,-23878.380742595025,0.615700367354686
cosmx_bcc_spot_0000080083,-425361.2113998459,-26036.0715320687,0.3811941787773221
cosmx_bcc_spot_0000080087,-425427.27389984584,-24523.57153206871,0.0969484553892845
cosmx_bcc_spot_0000080106,-425450.8871632767,-17695.778497543957,0.6262764097770261
cosmx_bcc_spot_0000080487,-425102.72276348225,-25969.969259341433,0.0235174210688371
cosmx_bcc_spot_0000080493,-425072.4393410223,-23830.69653206871,0.7120622605597333
cosmx_bcc_spot_0000080507,-425112.16999155964,-18790.45526522072,0.8255098690200668
cosmx_bcc_spot_0000080899,-424713.96139984584,-23093.571532068705,0.9263344117589344
cosmx_bcc_spot_0000080912,-424725.5709577433,-18357.363477781102,0.8533605019123969
cosmx_bcc_spot_0000080914,-424718.1933833726,-17672.54883247217,0.8350825015385241
cosmx_bcc_spot_0000082926,-422894.9605898503,-20569.34842761387,0.6509100115826917
cosmx_bcc_spot_0000082934,-422851.44776933733,-17647.7330429985,0.4211067510631611
cosmx_bcc_spot_0000083257,-422428.519440013,-46958.9011701104,1.4323253603994965e-15
cosmx_bcc_spot_0000083722,-422176.46527483617,-24953.442134592926,0.8460539424408609
cosmx_bcc_spot_0000084141,-421818.4477693375,-19488.066376331826,0.6512861780423749
cosmx_bcc_spot_0000084142,-421826.30674369645,-19144.96381222926,0.707456974274975
cosmx_bcc_spot_0000084871,-421087.769440013,-47775.63450344373,0.0177891546809154
cosmx_bcc_spot_0000084875,-421064.769440013,-46269.426170110404,0.2983488358915315
cosmx_bcc_spot_0000084878,-421211.719440013,-45261.1011701104,0.7237519815766891
cosmx_bcc_spot_0000085281,-420758.144440013,-45559.676170110404,1.7276902436513265e-15
cosmx_bcc_spot_0000085682,-420383.144440013,-46740.801170110404,1.4481914167170813e-15
cosmx_bcc_spot_0000085760,-420305.434360091,-18374.7960146162,0.0340248389256138
cosmx_bcc_spot_0000086086,-420028.919440013,-46607.501170110394,1.6573256503734569e-15
cosmx_bcc_spot_0000086089,-419999.519440013,-45565.967836777054,0.7482693179818055
cosmx_bcc_spot_0000086091,-419958.04117914353,-44814.25769184951,0.6639174195384999
cosmx_bcc_spot_0000086153,-420008.0813250853,-22378.06033087188,0.8639697495674622
cosmx_bcc_spot_0000086159,-420041.6343600909,-20248.89601461619,0.0005630492171983
cosmx_bcc_spot_0000086490,-419658.33762183116,-46675.57389738313,1.419942097842719e-15
cosmx_bcc_spot_0000086496,-419656.069440013,-44470.80117011038,0.9999980538993544
cosmx_bcc_spot_0000086559,-419697.4238337751,-21665.23811987935,0.698195568235784
cosmx_bcc_spot_0000086565,-419708.6343600909,-19499.896014616195,0.000109565937339
cosmx_bcc_spot_0000086901,-419221.65277334634,-44089.634503443725,0.9936418846738544
cosmx_bcc_spot_0000086970,-419260.3010267576,-19127.84045906064,1.8901635699556965e-07
cosmx_bcc_spot_0000087701,-418543.019440013,-47039.9011701104,1.5034932945077669e-15
cosmx_bcc_spot_0000087704,-418548.519440013,-45907.9853806367,0.5733602951286572
cosmx_bcc_spot_0000087705,-418585.894440013,-45564.80117011039,0.162404583422617
cosmx_bcc_spot_0000087706,-418560.09086858446,-45208.539265348474,0.7482896799697949
cosmx_bcc_spot_0000088509,-417790.2219765077,-47008.43581109213,1.3561362395416873e-15
cosmx_bcc_spot_0000088914,-417459.3410241268,-46679.24533490165,1.3864949346433052e-15
cosmx_bcc_spot_0000088986,-417495.95694073633,-20589.266982358135,0.8098550126560166
cosmx_bcc_spot_0000089318,-417093.2219765077,-46666.102477758795,1.3694441533696176e-15
cosmx_bcc_spot_0000089390,-417155.8343600909,-20538.596014616196,0.2452563345284849
cosmx_bcc_spot_0000089392,-417150.43436009093,-19911.396014616195,0.0063589520153903
cosmx_bcc_spot_0000089396,-417119.63436009095,-18413.296014616197,1.935140960064855e-07
cosmx_bcc_spot_0000089722,-416793.155309841,-46670.7024777588,1.1151099550818736e-11
cosmx_bcc_spot_0000089794,-416728.80102675763,-20582.062681282867,5.00424932787984e-05
cosmx_bcc_spot_0000090196,-416366.4915029481,-21316.253157473344,2.422228692747526e-13
cosmx_bcc_spot_0000090198,-416339.30102675763,-20575.72934794953,6.268372844057518e-11
cosmx_bcc_spot_0000090537,-416049.8886431744,-44144.43581109214,0.0048149928189461
cosmx_bcc_spot_0000090932,-415640.41245269816,-47371.10247775881,1.540269548719495e-15
cosmx_bcc_spot_0000091336,-415276.2023686647,-47378.631889523494,7.70748159288795e-10
cosmx_bcc_spot_0000091744,-414960.98388126964,-45953.03104918736,2.5653326935133648e-11
cosmx_bcc_spot_0000091748,-414988.2219765077,-44468.93581109214,4.1046873310934363e-13
cosmx_bcc_spot_0000092150,-414589.555309841,-45217.95962061595,0.0551585398124188
cosmx_bcc_spot_0000092555,-414253.4441987299,-44824.65803331436,0.028576407365363
cosmx_bcc_spot_0000093769,-413105.691598647,-44097.6779315462,0.7010314092791118
cosmx_bcc_spot_0000094985,-412085.3847804651,-42695.840810334084,0.5061249430526052
cosmx_bcc_spot_0000095786,-411289.99517007556,-45242.74340773666,0.5310809400690498
cosmx_bcc_spot_0000095790,-411322.5281371084,-43757.34780334106,0.8942055394250646
cosmx_bcc_spot_0000096188,-410966.5165986471,-45916.53626487954,0.8435247330289459
cosmx_bcc_spot_0000096596,-410601.61923022603,-44484.28100172163,0.5717707146526512
cosmx_bcc_spot_0000097395,-409826.25349440094,-47707.79946054295,0.3659465792868188
cosmx_bcc_spot_0000097404,-409835.42374150414,-44505.886264879526,0.4415358564310903
cosmx_bcc_spot_0000097797,-409418.7779699254,-48514.281978025465,0.4894167869798949
cosmx_bcc_spot_0000098195,-409106.39335454075,-50659.435824179316,0.5128256755177713
cosmx_bcc_spot_0000098203,-409141.80544245284,-47772.6501098936,0.4186376037663853
cosmx_bcc_spot_0000098602,-408810.36258531007,-49535.63582417931,1.81546806850366e-15
cosmx_bcc_spot_0000098606,-408751.9403630877,-48099.88026862376,0.3924252353329367
cosmx_bcc_spot_0000098607,-408728.16258531,-47756.51274725624,0.001564881582138
cosmx_bcc_spot_0000099008,-408432.89942741516,-48813.12003470564,0.5101022365636497
cosmx_bcc_spot_0000099821,-407644.36258530995,-47026.435824179316,0.4493346999703543
cosmx_bcc_spot_0000100622,-407067.41258531,-49562.10249084598,0.1193686738463966
cosmx_bcc_spot_0000100624,-406936.7625853099,-48822.83582417932,0.4229308702100884
cosmx_bcc_spot_0000101031,-406622.4353125827,-47730.07218781568,0.7038061289558815
cosmx_bcc_spot_0000101432,-406350.66258531,-48827.9358241793,0.0954451915501934
cosmx_bcc_spot_0000101897,-405863.480546549,-26755.045582394807,0.14130166688638
cosmx_bcc_spot_0000102309,-405559.8555465491,-23827.920582394807,0.0384361180286793
cosmx_bcc_spot_0000102714,-405162.855546549,-23496.61289008712,0.6756092006143687
cosmx_bcc_spot_0000103517,-404409.4111021046,-25273.365026839245,0.6226762476853029
cosmx_bcc_spot_0000103926,-404087.975546549,-23480.16058239481,0.9258675932943334
cosmx_bcc_spot_0000104321,-403685.0828192763,-26689.966036940263,0.8730741747427314
cosmx_bcc_spot_0000105133,-402958.94645563996,-25301.05694603117,0.6294477147232466
cosmx_bcc_spot_0000105538,-402615.480546549,-24898.670582394807,0.2436309830587829
cosmx_bcc_spot_0000106741,-401533.98232546804,-28184.434187443476,0.3618557342726091
cosmx_bcc_spot_0000107144,-401146.41315550753,-28577.376875190515,0.3261505975988315
cosmx_bcc_spot_0000107146,-401179.2139970221,-27791.27729594789,0.1017735486742295
cosmx_bcc_spot_0000107148,-401196.8914163771,-27074.1160056253,0.0314298406139461
cosmx_bcc_spot_0000107154,-401191.74141637713,-24926.76600562529,0.4401452596813593
cosmx_bcc_spot_0000107958,-400465.891416377,-26350.388732898016,0.2212862498927046
cosmx_bcc_spot_0000108769,-399709.8914163771,-25323.849338958626,0.7066257719313996
cosmx_bcc_spot_0000108771,-399697.5164163771,-24622.741005625292,0.9662046496917168
cosmx_bcc_spot_0000109167,-399346.78615321923,-27481.747584572655,0.925402111269592
cosmx_bcc_spot_0000109973,-398633.3762648618,-28182.752369261674,0.9782802137282132
cosmx_bcc_spot_0000110784,-397958.6771306628,-27109.330291339575,0.5722511583040617
