substrate,spot,malignant_truth,neighbor_truth,merged_truth,merged_prediction,conditional_defined
openst,openst_spot_00000901,0.0,0.0,0.0,3.403619624160245e-15,True
openst,openst_spot_00001268,0.0,0.0,0.0,0.008199098077041271,True
openst,openst_spot_00001385,0.0,0.0,0.0,4.665118015528407e-06,True
openst,openst_spot_00001399,0.0,0.0,0.0,3.535460230082133e-15,True
openst,openst_spot_00001401,0.0,0.0,0.0,3.2200428323207866e-15,True
openst,openst_spot_00001511,0.0,0.0,0.0,0.002414890791140919,True
openst,openst_spot_00001634,0.0,0.0,0.0,3.3972804202158617e-15,True
openst,openst_spot_00001646,0.0,0.0,0.0,0.05969680049628841,True
openst,openst_spot_00001649,0.0,0.0,0.0,4.016443874116485e-15,True
openst,openst_spot_00001790,0.0,0.0,0.0,3.5257273643307713e-15,True
openst,openst_spot_00001884,0.0,0.0,0.0,1.8859736801007966e-08,True
openst,openst_spot_00001899,0.0,0.0,0.0,0.03355336093211234,True
openst,openst_spot_00001904,0.0,0.0,0.0,3.1085641221992087e-15,True
openst,openst_spot_00001994,0.0,0.0,0.0,3.481285296794814e-15,True
openst,openst_spot_00002024,0.1666666666666666,0.0,0.1666666666666666,6.172741576286895e-08,True
openst,openst_spot_00002029,0.0,0.0,0.0,2.864698108509537e-07,True
openst,openst_spot_00002048,0.0,0.0,0.0,0.11656860304942585,True
openst,openst_spot_00002055,0.0,0.0,0.0,3.5121481005957557e-15,True
openst,openst_spot_00002117,0.0,0.0,0.0,8.265875741239572e-12,True
openst,openst_spot_00002126,0.0,0.0,0.0,2.3638055067117434e-15,True
openst,openst_spot_00002162,1.0,0.0,1.0,0.9999999998642846,False
openst,openst_spot_00002164,1.0,0.0,1.0,0.9906419907438372,False
openst,openst_spot_00002173,0.0,0.0,0.0,5.512700496948347e-06,True
openst,openst_spot_00002180,0.0,0.0,0.0,2.734825958249677e-15,True
openst,openst_spot_00002245,0.6,0.0,0.6,0.49070706961267535,True
openst,openst_spot_00002297,0.0,0.0,0.0,4.236026904603225e-05,True
openst,openst_spot_00002365,0.8888888888888888,0.0,0.8888888888888888,0.8832395541881536,True
openst,openst_spot_00002374,0.6666666666666666,0.0,0.6666666666666666,0.658544294694011,True
openst,openst_spot_00002408,1.0,0.0,1.0,0.9779089404164211,False
openst,openst_spot_00002420,0.0,0.0,0.0,7.712744084772687e-06,True
openst,openst_spot_00002472,0.0,0.0,0.0,1.3084947748452528e-07,True
openst,openst_spot_00002515,0.1666666666666666,0.0,0.1666666666666666,0.16017268691474415,True
openst,openst_spot_00002526,1.0,0.0,1.0,0.9999999999435032,False
openst,openst_spot_00002604,1.0,0.0,1.0,0.8663423421061272,False
openst,openst_spot_00002610,0.0,0.0,0.0,0.010748709209638817,True
openst,openst_spot_00002612,0.0,0.0,0.0,2.4544344639164048e-15,True
openst,openst_spot_00002625,0.1666666666666666,0.0,0.1666666666666666,0.005935624251558785,True
openst,openst_spot_00002655,1.0,0.0,1.0,0.9999999997231135,False
openst,openst_spot_00002659,1.0,0.0,1.0,0.9999691944091642,False
openst,openst_spot_00002661,0.5,0.0,0.5,0.696235333938526,True
openst,openst_spot_00002738,0.0,0.0,0.0,2.2450135144916485e-15,True
openst,openst_spot_00002779,1.0,0.0,1.0,0.986274434405623,False
openst,openst_spot_00002790,0.0,0.0,0.0,2.4812028013404148e-15,True
openst,openst_spot_00002794,0.0,0.0,0.0,2.8773704827085464e-15,True
openst,openst_spot_00002976,1.0,0.0,1.0,0.8572963789033453,False
openst,openst_spot_00002981,0.8333333333333334,0.0,0.8333333333333334,0.48754386537498795,True
openst,openst_spot_00003025,1.0,0.0,1.0,0.9998550695591447,False
openst,openst_spot_00003088,0.0,0.0,0.0,0.1561125871864984,True
openst,openst_spot_00003127,1.0,0.0,1.0,0.9875046231064674,False
openst,openst_spot_00003132,0.2,0.0,0.2,0.10322652009976938,True
openst,openst_spot_00003164,0.0,0.0,0.0,0.0022130955959415,True
openst,openst_spot_00003213,1.0,0.0,1.0,0.795157902601244,False
openst,openst_spot_00003260,0.8571428571428571,0.0,0.8571428571428571,0.8506276732312388,True
openst,openst_spot_00003271,0.2857142857142857,0.0,0.2857142857142857,0.22742790223537707,True
openst,openst_spot_00003291,0.0,0.0,0.0,3.1447717883525666e-15,True
openst,openst_spot_00003344,1.0,0.0,1.0,0.9313531883235283,False
openst,openst_spot_00003349,0.2,0.0,0.2,0.10034160423165159,True
openst,openst_spot_00003464,1.0,0.0,1.0,0.9582948195317991,False
openst,openst_spot_00003492,0.0,1.0,1.0,0.9924517943575433,True
openst,openst_spot_00003519,1.0,0.0,1.0,0.9481201913271627,False
openst,openst_spot_00003571,0.0,0.0,0.0,0.0938421687372585,True
openst,openst_spot_00003584,0.6666666666666666,0.0,0.6666666666666666,0.6522477471857628,True
openst,openst_spot_00003586,1.0,0.0,1.0,0.9285792048556295,False
openst,openst_spot_00003589,0.875,0.0,0.875,0.7921989564909094,True
openst,openst_spot_00003602,1.0,0.0,1.0,0.9826991416190295,False
openst,openst_spot_00003842,0.0,0.0,0.0,0.0024123262082055633,True
openst,openst_spot_00003867,0.8,0.1,0.9,0.7341059601214129,True
openst,openst_spot_00003878,1.0,0.0,1.0,0.9763913594876463,False
openst,openst_spot_00004073,1.0,0.0,1.0,0.8952338490551565,False
openst,openst_spot_00004075,1.0,0.0,1.0,0.9540746956579568,False
openst,openst_spot_00004105,0.875,0.0,0.875,0.7551587950031783,True
openst,openst_spot_00004219,0.625,0.375,1.0,0.933886453722363,True
openst,openst_spot_00004252,1.0,0.0,1.0,0.9372476667833479,False
openst,openst_spot_00004266,1.0,0.0,1.0,0.9409467488794738,False
openst,openst_spot_00004310,0.6666666666666666,0.0,0.6666666666666666,0.47939839595742717,True
openst,openst_spot_00004547,0.0,0.0,0.0,2.6207517261994898e-15,True
openst,openst_spot_00004694,1.0,0.0,1.0,0.9849439228351275,False
openst,openst_spot_00004732,0.1818181818181818,0.0,0.1818181818181818,0.2196163713383526,True
openst,openst_spot_00004811,0.8,0.0,0.8,0.6613452038901392,True
openst,openst_spot_00004812,0.0,0.0,0.0,0.1636779424293931,True
openst,openst_spot_00004835,0.8,0.0,0.8,0.8350368907700182,True
openst,openst_spot_00004838,0.0,0.0,0.0,0.05357977762507288,True
openst,openst_spot_00004909,0.5,0.0,0.5,0.5883351784263796,True
openst,openst_spot_00004928,0.9,0.1,1.0,0.9982817096066747,True
openst,openst_spot_00004945,1.0,0.0,1.0,0.9994870982478267,False
openst,openst_spot_00005093,0.0,1.0,1.0,0.9473727760845447,True
openst,openst_spot_00005195,0.0,0.0,0.0,2.919767672313112e-15,True
openst,openst_spot_00005217,0.8,0.0,0.8,0.9291073454226645,True
openst,openst_spot_00005235,1.0,0.0,1.0,0.9583668987296018,False
openst,openst_spot_00005355,0.6666666666666666,0.3333333333333333,1.0,0.95585918914754,True
openst,openst_spot_00005363,0.9,0.0,0.9,0.8738201053715965,True
openst,openst_spot_00005412,0.0,0.0,0.0,0.00019122392950953482,True
openst,openst_spot_00005429,1.0,0.0,1.0,0.9408638349673664,False
openst,openst_spot_00005483,1.0,0.0,1.0,0.974701765420916,False
openst,openst_spot_00005550,0.6666666666666666,0.1666666666666666,0.8333333333333333,0.7932570551906681,True
openst,openst_spot_00005558,0.6666666666666666,0.0,0.6666666666666666,0.702804999397501,True
openst,openst_spot_00005661,0.0,0.0,0.0,0.02278081090989845,True
openst,openst_spot_00005664,0.9090909090909092,0.0,0.9090909090909092,0.9246960640875964,True
openst,openst_spot_00005709,0.5714285714285714,0.0,0.5714285714285714,0.7704986933911898,True
openst,openst_spot_00005725,1.0,0.0,1.0,0.9990068372837655,False
openst,openst_spot_00005727,1.0,0.0,1.0,0.9477813909933608,False
openst,openst_spot_00005776,0.3333333333333333,0.0,0.3333333333333333,0.2857344265486333,True
openst,openst_spot_00005786,0.4,0.0,0.4,0.695597452959465,True
openst,openst_spot_00006017,0.8333333333333334,0.1666666666666666,1.0,0.972855996040962,True
openst,openst_spot_00006028,0.0,0.0,0.0,2.491822877505105e-15,True
openst,openst_spot_00006039,0.8333333333333334,0.0,0.8333333333333334,0.8408594041966966,True
openst,openst_spot_00006086,0.6,0.0,0.6,0.5838925665188759,True
openst,openst_spot_00006178,1.0,0.0,1.0,0.987038412443601,False
openst,openst_spot_00006290,1.0,0.0,1.0,0.9999999992379872,False
openst,openst_spot_00006429,0.625,0.125,0.75,0.7683104609702183,True
openst,openst_spot_00006446,1.0,0.0,1.0,0.9908551471280238,False
openst,openst_spot_00006522,1.0,0.0,1.0,0.9916538858089824,False
openst,openst_spot_00006525,0.8333333333333334,0.0,0.8333333333333334,0.7075060696535519,True
openst,openst_spot_00006544,1.0,0.0,1.0,0.9999999999999697,False
openst,openst_spot_00006636,0.0,0.0,0.0,2.3796771690331253e-15,True
openst,openst_spot_00006698,0.0,0.0,0.0,0.08656164714757847,True
openst,openst_spot_00006699,0.6,0.0,0.6,0.713782604481272,True
openst,openst_spot_00006791,1.0,0.0,1.0,0.9490440540023798,False
openst,openst_spot_00006884,1.0,0.0,1.0,0.9926112728882237,False
openst,openst_spot_00006895,1.0,0.0,1.0,0.9306592508710956,False
openst,openst_spot_00007183,1.0,0.0,1.0,0.9547996654160389,False
openst,openst_spot_00007190,0.8888888888888888,0.0,0.8888888888888888,0.7366974136341076,True
openst,openst_spot_00007354,1.0,0.0,1.0,0.89086513153187,False
openst,openst_spot_00007356,1.0,0.0,1.0,0.9917557399080325,False
openst,openst_spot_00007557,1.0,0.0,1.0,0.9999999053916441,False
openst,openst_spot_00007619,1.0,0.0,1.0,0.992646454796673,False
openst,openst_spot_00007735,0.4,0.0,0.4,0.4096524325040509,True
openst,openst_spot_00007752,0.0,0.0,0.0,0.16323603466530298,True
openst,openst_spot_00007790,1.0,0.0,1.0,0.9514233992801887,False
openst,openst_spot_00007821,0.0,0.0,0.0,0.021286334393903934,True
openst,openst_spot_00007855,0.2,0.0,0.2,0.3734076747205532,True
openst,openst_spot_00007883,0.7142857142857143,0.0,0.7142857142857143,0.4844989921332205,True
openst,openst_spot_00007993,1.0,0.0,1.0,0.9851325590631856,False
openst,openst_spot_00008033,1.0,0.0,1.0,0.8364052529955059,False
openst,openst_spot_00008037,0.8,0.0,0.8,0.9387054489295548,True
openst,openst_spot_00008067,0.0,0.0,0.0,0.01356170833954535,True
openst,openst_spot_00008111,1.0,0.0,1.0,0.9103202224303644,False
openst,openst_spot_00008230,0.6666666666666666,0.0,0.6666666666666666,0.7236693661524571,True
openst,openst_spot_00008241,0.4,0.0,0.4,0.4207299634119378,True
openst,openst_spot_00008384,1.0,0.0,1.0,0.9919557154859149,False
openst,openst_spot_00008551,0.0,0.0,0.0,5.0318896621227584e-08,True
openst,openst_spot_00008554,0.0,0.0,0.0,0.026364197045275803,True
openst,openst_spot_00008570,0.6666666666666666,0.3333333333333333,1.0,0.9999999939582782,True
openst,openst_spot_00008691,1.0,0.0,1.0,0.9999999999999799,False
openst,openst_spot_00008701,0.0,0.0,0.0,0.2135880006130374,True
openst,openst_spot_00008702,0.125,0.0,0.125,0.2079949074895543,True
openst,openst_spot_00008743,1.0,0.0,1.0,0.988368936900438,False
openst,openst_spot_00008824,0.1666666666666666,0.0,0.1666666666666666,0.016115038695738302,True
openst,openst_spot_00008834,1.0,0.0,1.0,0.9999993271786385,False
openst,openst_spot_00008922,0.0,0.0,0.0,0.03439646906600789,True
openst,openst_spot_00008940,0.8333333333333334,0.0,0.8333333333333334,0.8420853589515713,True
openst,openst_spot_00009046,0.0,0.0,0.0,0.015056524099987615,True
openst,openst_spot_00009168,0.0,0.0,0.0,0.001437808449587899,True
openst,openst_spot_00009244,1.0,0.0,1.0,0.9557667127630111,False
openst,openst_spot_00009284,0.0,0.0,0.0,3.527510326635573e-15,True
openst,openst_spot_00009296,1.0,0.0,1.0,0.9287054375337949,False
openst,openst_spot_00009410,0.0,0.0,0.0,3.5167827267549436e-15,True
openst,openst_spot_00009420,1.0,0.0,1.0,0.9224625274430438,False
openst,openst_spot_00009537,0.0,0.0,0.0,0.007629588462260614,True
openst,openst_spot_00009657,0.0,0.0,0.0,1.4672762965592444e-07,True
openst,openst_spot_00009659,0.0,0.0,0.0,0.03153110580277609,True
openst,openst_spot_00009672,0.0,0.0,0.0,2.5550583623726546e-15,True
openst,openst_spot_00009678,0.0,0.0,0.0,0.014428814909682942,True
openst,openst_spot_00009859,0.6666666666666666,0.3333333333333333,1.0,0.8907666080406353,True
openst,openst_spot_00009898,0.0,0.0,0.0,0.003233231389295831,True
openst,openst_spot_00009975,0.2222222222222222,0.0,0.2222222222222222,0.0606523467763631,True
openst,openst_spot_00010034,0.0,0.0,0.0,3.524347127566145e-15,True
openst,openst_spot_00010097,0.375,0.0,0.375,0.4861457449057654,True
openst,openst_spot_00010161,0.0,0.0,0.0,0.04077202109811495,True
openst,openst_spot_00010227,1.0,0.0,1.0,0.904009716401531,False
openst,openst_spot_00010259,0.0,0.0,0.0,3.1378356341174647e-15,True
openst,openst_spot_00010260,0.0,0.0,0.0,3.4533241064622175e-15,True
openst,openst_spot_00010261,0.0,0.0,0.0,3.3753512195719472e-15,True
openst,openst_spot_00010270,0.0,0.0,0.0,3.610560449786505e-15,True
openst,openst_spot_00010273,0.0,0.0,0.0,0.0014368511554775103,True
openst,openst_spot_00010275,0.0,0.0,0.0,3.450372599514434e-15,True
openst,openst_spot_00010295,1.0,0.0,1.0,0.8940897001395841,False
openst,openst_spot_00010334,0.8571428571428571,0.1428571428571428,0.9999999999999999,0.9997929007212117,True
openst,openst_spot_00010357,0.0,0.0,0.0,2.1272290249793e-09,True
openst,openst_spot_00010457,1.0,0.0,1.0,0.949860998578642,False
openst,openst_spot_00010480,0.0,0.0,0.0,2.7244767636140517e-15,True
openst,openst_spot_00010514,0.0,0.0,0.0,3.2060761082897994e-07,True
openst,openst_spot_00010540,0.0833333333333333,0.0,0.0833333333333333,0.10587637218418185,True
openst,openst_spot_00010551,0.8571428571428571,0.0,0.8571428571428571,0.8416413844062601,True
openst,openst_spot_00010568,1.0,0.0,1.0,0.9044480480513851,False
openst,openst_spot_00010635,0.0,0.0,0.0,5.5749046883016986e-14,True
openst,openst_spot_00010647,0.0,0.0,0.0,3.4780661116658447e-15,True
openst,openst_spot_00010651,0.0,0.0,0.0,0.0038844966529599156,True
openst,openst_spot_00010692,0.0,0.0,0.0,0.1822679280877923,True
openst,openst_spot_00010767,0.0,0.0,0.0,0.1382996792958927,True
openst,openst_spot_00010775,0.0,0.0,0.0,2.7465779575911747e-15,True
openst,openst_spot_00010781,0.0,0.0,0.0,0.08990702388349053,True
openst,openst_spot_00010782,0.0,0.0,0.0,0.0718952141568129,True
openst,openst_spot_00010783,0.0,0.0,0.0,0.0701461496627757,True
openst,openst_spot_00010784,0.0,0.0,0.0,3.61535653099125e-15,True
openst,openst_spot_00010874,0.0,0.0,0.0,3.4548232969137207e-15,True
openst,openst_spot_00010878,0.0,0.0,0.0,3.4970456933014818e-15,True
openst,openst_spot_00011044,0.8,0.0,0.8,0.5955483015795996,True
openst,openst_spot_00011046,0.1666666666666666,0.0,0.1666666666666666,3.4325760229901755e-15,True
openst,openst_spot_00011089,1.0,0.0,1.0,0.9258745185163932,False
openst,openst_spot_00011127,0.0,0.0,0.0,0.0012831701941606014,True
openst,openst_spot_00011148,0.0,0.0,0.0,0.008784774480342162,True
openst,openst_spot_00011159,0.0,0.0,0.0,2.8988215746546506e-15,True
openst,openst_spot_00011271,0.0,0.0,0.0,3.420085022547345e-15,True
openst,openst_spot_00011293,0.0,0.0,0.0,3.2826321470493347e-15,True
openst,openst_spot_00011367,0.0,0.0,0.0,0.028405111709480603,True
openst,openst_spot_00011408,1.0,0.0,1.0,0.845023897038976,False
openst,openst_spot_00011478,0.0,0.0,0.0,3.523617733299942e-15,True
openst,openst_spot_00011489,0.0,0.0,0.0,6.065157523446576e-09,True
openst,openst_spot_00011511,0.0,0.0,0.0,0.002858522322683166,True
openst,openst_spot_00011523,0.0,0.0,0.0,0.017033370600397998,True
openst,openst_spot_00011546,1.0,0.0,1.0,0.9511409559348647,False
openst,openst_spot_00011600,0.0,0.0,0.0,3.581568832360824e-15,True
openst,openst_spot_00011653,1.0,0.0,1.0,0.9068566194714304,False
openst,openst_spot_00011675,0.75,0.0,0.75,0.5752416299657722,True
openst,openst_spot_00011688,0.8,0.0,0.8,0.9187613743514602,True
openst,openst_spot_00011764,0.0,0.0,0.0,0.01274406748899029,True
openst,openst_spot_00011877,0.0,0.0,0.0,0.011411025938115,True
openst,openst_spot_00011889,0.0,0.0,0.0,0.0041413681297797385,True
openst,openst_spot_00011894,0.0,0.0,0.0,3.363942132195471e-15,True
openst,openst_spot_00011906,0.6,0.0,0.6,0.1283746536338599,True
openst,openst_spot_00011908,0.8333333333333334,0.0,0.8333333333333334,0.6624831259306823,True
openst,openst_spot_00011943,0.7142857142857143,0.0,0.7142857142857143,0.6694951885929274,True
openst,openst_spot_00012021,1.0,0.0,1.0,0.932960032638535,False
openst,openst_spot_00012118,0.0,0.0,0.0,0.0537429265698635,True
openst,openst_spot_00012137,0.0,0.0,0.0,3.1703031038351314e-15,True
openst,openst_spot_00012140,0.0,0.0,0.0,2.5259682463733708e-15,True
openst,openst_spot_00012166,0.8,0.0,0.8,0.821973320715801,True
openst,openst_spot_00012209,0.0,0.0,0.0,3.5416466295103427e-15,True
openst,openst_spot_00012252,0.0,0.0,0.0,0.02145026669407931,True
openst,openst_spot_00012349,1.0,0.0,1.0,0.914677387158762,False
openst,openst_spot_00012362,0.1,0.0,0.1,0.10400176358241281,True
openst,openst_spot_00012367,0.0,0.0,0.0,2.5034264684904868e-05,True
openst,openst_spot_00012397,0.0,0.0,0.0,8.582613611772892e-11,True
openst,openst_spot_00012462,0.0,0.0,0.0,0.012594292148191688,True
openst,openst_spot_00012485,0.0,0.0,0.0,0.04277441876543914,True
openst,openst_spot_00012490,0.0,0.0,0.0,3.523881537066594e-15,True
openst,openst_spot_00012501,0.0,0.0,0.0,0.008008188139448206,True
openst,openst_spot_00012533,0.0,1.0,1.0,0.9900953939547579,True
openst,openst_spot_00012597,0.5,0.0,0.5,0.8033436819265656,True
openst,openst_spot_00012608,0.0,0.0,0.0,0.04227487155213051,True
openst,openst_spot_00012614,0.0,0.0,0.0,3.507382638183593e-15,True
openst,openst_spot_00012629,0.1111111111111111,0.0,0.1111111111111111,0.1428945238640691,True
openst,openst_spot_00012638,0.0,0.0,0.0,0.0008847060124844155,True
openst,openst_spot_00012725,0.0,0.0,0.0,0.08183417025316829,True
openst,openst_spot_00012748,0.5,0.3333333333333333,0.8333333333333333,0.7265877970673291,True
openst,openst_spot_00012867,0.0,0.0,0.0,3.4904596099828876e-15,True
openst,openst_spot_00012908,0.0,0.0,0.0,0.00876030135075631,True
openst,openst_spot_00012968,0.0,0.0,0.0,0.0303046946114568,True
openst,openst_spot_00012999,0.0,0.0,0.0,3.1649839686896587e-15,True
openst,openst_spot_00013034,0.5,0.0,0.5,0.6612198397402426,True
openst,openst_spot_00013063,0.0,0.0,0.0,0.0005248236722501479,True
openst,openst_spot_00013109,0.0,0.0,0.0,3.4567163268234715e-15,True
openst,openst_spot_00013130,0.0,0.0,0.0,3.3696113043835795e-15,True
openst,openst_spot_00013134,0.6666666666666666,0.0,0.6666666666666666,0.7507325450961171,True
openst,openst_spot_00013154,0.0,0.0,0.0,0.007766133049552316,True
openst,openst_spot_00013188,0.0,0.0,0.0,0.003176421099187311,True
openst,openst_spot_00013199,0.8,0.0,0.8,0.8155259215868296,True
openst,openst_spot_00013217,0.0,0.0,0.0,3.868925933120237e-14,True
openst,openst_spot_00013240,1.0,0.0,1.0,0.929040651139074,False
openst,openst_spot_00013283,0.2,0.0,0.2,0.1327517889083937,True
openst,openst_spot_00013343,0.0,0.0,0.0,5.0824426686036025e-06,True
openst,openst_spot_00013393,0.0,0.0,0.0,5.027511852295923e-05,True
openst,openst_spot_00013437,0.0,0.0,0.0,0.00016247213934067112,True
openst,openst_spot_00013453,0.0,0.0,0.0,0.0221996804322797,True
openst,openst_spot_00013469,0.0,0.0,0.0,0.009409614550916127,True
openst,openst_spot_00013481,1.0,0.0,1.0,0.9572610900890198,False
openst,openst_spot_00013604,1.0,0.0,1.0,0.994363132212457,False
openst,openst_spot_00013614,0.0,0.0,0.0,3.352434958710825e-15,True
openst,openst_spot_00013621,0.0,0.0,0.0,2.7094313259670138e-15,True
openst,openst_spot_00013633,0.0,0.0,0.0,6.167001556024606e-10,True
openst,openst_spot_00013684,0.0,0.0,0.0,3.377272499347906e-15,True
openst,openst_spot_00013694,0.0,0.0,0.0,6.455533058880676e-05,True
openst,openst_spot_00013701,0.0,0.0,0.0,0.012143079246229527,True
openst,openst_spot_00013738,0.0,0.0,0.0,3.1176782582278813e-15,True
openst,openst_spot_00013740,0.0,0.0,0.0,2.704985816799138e-15,True
openst,openst_spot_00013802,0.0,0.0,0.0,0.00504326136651386,True
openst,openst_spot_00013815,0.0,0.0,0.0,0.0047039420829497235,True
openst,openst_spot_00013835,0.0,0.0,0.0,0.018455478431772435,True
openst,openst_spot_00013836,0.0,0.0,0.0,5.139584449076412e-07,True
openst,openst_spot_00013847,0.8,0.2,1.0,0.9893464842629414,True
openst,openst_spot_00013889,0.8,0.0,0.8,0.8869984203500538,True
openst,openst_spot_00013921,0.0,0.0,0.0,3.592936836153596e-15,True
openst,openst_spot_00013947,0.0,0.0,0.0,0.013291947232038,True
openst,openst_spot_00013995,0.0,0.0,0.0,0.0006984832946615552,True
openst,openst_spot_00014005,0.0,0.0,0.0,3.350980960459122e-15,True
openst,openst_spot_00014061,0.0,0.0,0.0,0.007476877670282194,True
openst,openst_spot_00014070,0.0,0.0,0.0,0.05002171327514297,True
openst,openst_spot_00014080,0.0,0.0,0.0,0.009265866533405932,True
openst,openst_spot_00014111,0.0,0.0,0.0,3.3240388948856058e-15,True
openst,openst_spot_00014112,0.0,0.0,0.0,3.3125541686476713e-15,True
openst,openst_spot_00014173,0.0,0.0,0.0,2.5599444389838823e-11,True
openst,openst_spot_00014179,0.0,0.0,0.0,3.575225225307655e-15,True
openst,openst_spot_00014224,0.0,0.0,0.0,0.019059358774413577,True
openst,openst_spot_00014240,0.0,0.0,0.0,2.0657874114390986e-05,True
openst,openst_spot_00014252,0.75,0.125,0.875,0.854685318524945,True
openst,openst_spot_00014287,0.0,0.0,0.0,3.512983060415373e-15,True
openst,openst_spot_00014349,0.0,0.0,0.0,3.118048128798713e-15,True
openst,openst_spot_00014438,0.0,0.0,0.0,5.176235294362414e-06,True
openst,openst_spot_00014445,0.0,0.0,0.0,0.009065257088452728,True
openst,openst_spot_00014483,0.0,0.0,0.0,0.028775792413594403,True
openst,openst_spot_00014534,0.0,0.0,0.0,3.582917639041974e-15,True
openst,openst_spot_00014538,0.0,0.0,0.0,0.000685553140913588,True
openst,openst_spot_00014558,0.0,0.0,0.0,0.014296264853768411,True
openst,openst_spot_00014559,0.0,0.0,0.0,3.5359951084069163e-15,True
openst,openst_spot_00014564,0.0,0.0,0.0,0.051754869003711276,True
openst,openst_spot_00014573,0.6666666666666666,0.1666666666666666,0.8333333333333333,0.8916041227543579,True
openst,openst_spot_00014602,0.0,0.0,0.0,3.445291517486764e-15,True
openst,openst_spot_00014608,0.0,0.0,0.0,0.00011973516983216103,True
openst,openst_spot_00014609,0.0,0.0,0.0,4.781125540510588e-07,True
openst,openst_spot_00014612,0.0,0.0,0.0,0.0100616034925861,True
openst,openst_spot_00014675,0.0,0.0,0.0,1.6047034287634907e-10,True
openst,openst_spot_00014677,0.0,0.0,0.0,1.2875888831550818e-06,True
openst,openst_spot_00014682,0.0,0.0,0.0,3.466923001835908e-15,True
openst,openst_spot_00014781,0.0,0.0,0.0,3.488472391311948e-15,True
openst,openst_spot_00014784,0.0,0.0,0.0,3.606927854591364e-15,True
openst,openst_spot_00014823,0.0,0.0,0.0,0.25504975438417765,True
openst,openst_spot_00014854,0.0,0.0,0.0,0.012769424546475994,True
openst,openst_spot_00014974,0.0,0.0,0.0,6.075275719779585e-12,True
openst,openst_spot_00015022,0.0,0.0,0.0,0.0118191501294167,True
openst,openst_spot_00015053,0.0769230769230769,0.0,0.0769230769230769,0.10893627036403257,True
openst,openst_spot_00015078,0.0,0.2,0.2,0.283056881145799,True
openst,openst_spot_00015094,0.0,0.0,0.0,0.0005911433834154686,True
openst,openst_spot_00015153,0.0,0.0,0.0,0.006480685260008123,True
openst,openst_spot_00015181,0.8571428571428571,0.0,0.8571428571428571,0.8252889111663176,True
openst,openst_spot_00015188,0.0,0.0,0.0,0.021966563841617326,True
openst,openst_spot_00015213,0.0,0.0,0.0,0.0345057928112211,True
openst,openst_spot_00015282,0.0,0.0,0.0,0.005112065496607117,True
openst,openst_spot_00015287,0.0,0.0,0.0,0.009539286959471734,True
openst,openst_spot_00015292,0.0,0.0,0.0,0.026568072064893335,True
openst,openst_spot_00015299,0.0,0.0,0.0,0.07632771677333615,True
openst,openst_spot_00015301,0.1666666666666666,0.3333333333333333,0.4999999999999999,0.7552537478315862,True
openst,openst_spot_00015320,0.1111111111111111,0.0,0.1111111111111111,0.0899581918492079,True
openst,openst_spot_00015346,0.0,0.0,0.0,3.7125036082579344e-15,True
openst,openst_spot_00015408,0.0,0.0,0.0,0.004035614817775291,True
openst,openst_spot_00015409,0.0,0.0,0.0,1.6999404443228479e-09,True
openst,openst_spot_00015434,0.0,0.0,0.0,0.0008416581546649885,True
openst,openst_spot_00015437,0.0,0.0,0.0,0.011639447170629817,True
openst,openst_spot_00015451,0.0,0.0,0.0,0.0058367377138883,True
openst,openst_spot_00015521,0.0,0.0,0.0,0.05658971357608114,True
openst,openst_spot_00015531,0.0,0.0,0.0,0.016816048038499835,True
openst,openst_spot_00015558,0.0,0.0,0.0,3.436345428263193e-15,True
openst,openst_spot_00015663,0.0,0.0,0.0,0.018141751655742302,True
openst,openst_spot_00015706,0.0,0.0,0.0,3.634455156424728e-15,True
openst,openst_spot_00015712,0.0,0.0,0.0,3.7466776607755875e-15,True
openst,openst_spot_00015785,0.0,0.0,0.0,0.04496618441780377,True
openst,openst_spot_00015796,0.0,0.0,0.0,0.01947977356795367,True
openst,openst_spot_00015805,0.0,0.0,0.0,0.003752728009169716,True
openst,openst_spot_00015822,0.0,0.0,0.0,3.623858261642029e-15,True
openst,openst_spot_00015824,0.0,0.0,0.0,3.4689963817363306e-15,True
openst,openst_spot_00015904,0.0,0.0,0.0,0.008626006652702998,True
openst,openst_spot_00015915,0.0,0.0,0.0,0.017332877412791138,True
openst,openst_spot_00015918,0.0,0.0,0.0,7.697660106407032e-08,True
openst,openst_spot_00015935,0.0,0.0,0.0,0.010608585640928737,True
openst,openst_spot_00015939,0.0,0.0,0.0,0.0150543696854828,True
openst,openst_spot_00015940,0.0,0.0,0.0,0.020509435063124,True
openst,openst_spot_00015954,0.0,0.0,0.0,3.63569561827066e-15,True
openst,openst_spot_00016031,0.0,0.0,0.0,0.0251894134382615,True
openst,openst_spot_00016061,0.0,0.0,0.0,0.0258630419524566,True
openst,openst_spot_00016069,0.0,0.0,0.0,6.135018379225128e-11,True
openst,openst_spot_00016149,0.0,0.0,0.0,0.029425039154346515,True
openst,openst_spot_00016150,0.0,0.0,0.0,0.011717723352202999,True
openst,openst_spot_00016196,0.0,0.0,0.0,3.666814095413755e-15,True
openst,openst_spot_00016271,0.0,0.0,0.0,0.0437524228738048,True
openst,openst_spot_00016276,0.0,0.0,0.0,0.003297965189917636,True
openst,openst_spot_00016299,0.0,0.0,0.0,0.015192928564550554,True
openst,openst_spot_00016301,0.0,0.0,0.0,6.4164001881593815e-06,True
openst,openst_spot_00016407,0.0,0.0,0.0,1.836403417538054e-09,True
openst,openst_spot_00016410,0.0,0.0,0.0,8.838387248092901e-08,True
openst,openst_spot_00016420,0.0,0.0,0.0,6.176349348568398e-09,True
openst,openst_spot_00016439,0.0,0.0,0.0,3.566861995589758e-15,True
openst,openst_spot_00016530,0.0,0.0,0.0,0.0179072604163798,True
openst,openst_spot_00016532,0.0,0.0,0.0,0.0471463982728871,True
openst,openst_spot_00016534,0.0,0.0,0.0,0.07226107420553811,True
openst,openst_spot_00016558,0.0,0.0,0.0,3.5112368430891777e-15,True
openst,openst_spot_00016676,0.0,0.0,0.0,5.800799278061503e-07,True
openst,openst_spot_00016681,0.0,0.0,0.0,3.651583675732712e-15,True
openst,openst_spot_00016795,0.0,0.0,0.0,0.006683389155512811,True
openst,openst_spot_00016906,0.0,0.0,0.0,3.5571471831118476e-15,True
openst,openst_spot_00016916,0.0,0.0,0.0,3.59540742966416e-15,True
openst,openst_spot_00016918,0.0,0.0,0.0,0.002790083676112461,True
openst,openst_spot_00017055,0.0,0.0,0.0,3.4543615812520935e-15,True
openst,openst_spot_00017289,0.0,0.0,0.0,3.4899424049091083e-15,True
openst,openst_spot_00017528,0.0,0.0,0.0,3.5424302738403325e-15,True
openst,openst_spot_00017533,0.0,0.0,0.0,0.0007736452600013272,True
openst,openst_spot_00017540,0.0,0.0,0.0,3.845022500418083e-14,True
openst,openst_spot_00017544,0.0,0.0,0.0,1.020779156083121e-06,True
openst,openst_spot_00017653,0.0,0.0,0.0,5.3105208749542896e-14,True
openst,openst_spot_00017654,0.0,0.0,0.0,3.554059861058562e-15,True
openst,openst_spot_00017662,0.0,0.0,0.0,3.5714038018414235e-15,True
openst,openst_spot_00017718,0.0,0.0,0.0,0.0014283241145766456,True
openst,openst_spot_00017769,0.0,0.0,0.0,0.013955788379634931,True
openst,openst_spot_00017786,0.0,0.0625,0.0625,0.041001857018079124,True
openst,openst_spot_00017900,0.0,0.0,0.0,3.514309756075508e-15,True
openst,openst_spot_00017910,0.0,0.0,0.0,2.953936891651996e-11,True
openst,openst_spot_00018018,0.0,0.0,0.0,3.470666481809823e-15,True
openst,openst_spot_00018034,0.0,0.0,0.0,1.6764236586111732e-06,True
openst,openst_spot_00018265,0.0,0.0,0.0,3.604225796126347e-15,True
openst,openst_spot_00018516,0.0,0.0,0.0,0.0015849686527041591,True
openst,openst_spot_00018629,0.0,0.0,0.0,3.570055519975122e-15,True
realgt,AACAGTCCACGCGGTG-1,0.0,0.1111111111111111,0.1111111111111111,0.4532287400051157,True
realgt,AACCGCCAGACTACTT-1,0.0,0.0,0.0,1.3533989745612175e-14,True
realgt,AACCTGACAGTGCCGC-1,0.8125,0.0,0.8125,0.9790501280845039,True
realgt,AACGAATTGACCGGTT-1,0.0,0.0,0.0,1.2989432897165731e-14,True
realgt,AACGAGCCTCTTCGGC-1,0.0,0.0,0.0,0.5363337737952597,True
realgt,AACGGCACAGAATATT-1,0.5806451612903226,0.032258064516129,0.6129032258064516,0.8440096775763324,True
realgt,AACTCAACCTTGACCA-1,0.0,0.0,0.0,1.2968442313063425e-14,True
realgt,AACTCACGGAGTACGT-1,0.0,0.0,0.0,1.2259300287321746e-14,True
realgt,AACTGCAATACGGATT-1,0.64,0.16,0.8,0.8904960054031618,True
realgt,AACTGCCTCGATAGGT-1,0.0,0.0,0.0,4.310150659569623e-07,True
realgt,AACTTGGTTACATAAC-1,0.0,0.0,0.0,0.0012213053605765957,True
realgt,AAGCAGCGGACACGTG-1,0.0,0.0,0.0,1.2994028190952817e-14,True
realgt,AAGCCACTATGTCTAA-1,0.0,0.1111111111111111,0.1111111111111111,0.4582742149169888,True
realgt,AAGGACCAACATGGCT-1,0.6818181818181818,0.2727272727272727,0.9545454545454545,0.9999999999998856,True
realgt,AAGTCTGTCAATTCTT-1,0.0,0.0,0.0,1.3315779020669048e-14,True
realgt,AAGTCTTAATAGAACT-1,0.0,0.0,0.0,0.22426970633576818,True
realgt,AAGTTCCTATTGCTGG-1,0.0,0.0,0.0,1.269032491669014e-14,True
realgt,AATAACTCTACGATGT-1,0.0,0.0,0.0,1.2777262687246933e-14,True
realgt,AATACGGTACGGCCTA-1,0.1063829787234042,0.0,0.1063829787234042,0.3506798357493549,True
realgt,AATAGTTGGTGCTCAG-1,0.0,0.0,0.0,2.934135260184611e-11,True
realgt,AATCCGACCACGGTCC-1,0.0,0.0,0.0,0.0051972343565478,True
realgt,AATCGAACGGACGGAG-1,0.0,0.0,0.0,1.2772955385961988e-14,True
realgt,AATCTGCGTTCCTTAC-1,0.0,0.0,0.0,0.6310665442018741,True
realgt,AATTCTCAGACGCAAC-1,0.0,0.0,0.0,0.004074703166291244,True
realgt,ACAACGTGAATTCACG-1,0.5769230769230769,0.1153846153846153,0.6923076923076922,0.8035587721898487,True
realgt,ACAACGTGGAGCTACT-1,0.0,0.0,0.0,1.2073454848829361e-14,True
realgt,ACAGGCCTTCTAATGC-1,0.0,0.0,0.0,0.5159884221092006,True
realgt,ACAGGTTCAGTGAACG-1,0.0,0.0,0.0,1.3046777061174181e-14,True
realgt,ACAGTATGCCTGGATG-1,0.5263157894736842,0.0,0.5263157894736842,0.840275626698827,True
realgt,ACATCGGCTTACAAGG-1,0.0,0.0,0.0,1.2258525136205313e-14,True
realgt,ACCAATGAGCCTCATC-1,0.0,0.0,0.0,1.2623146864112364e-14,True
realgt,ACCACGGATCCGGATA-1,0.0,0.0,0.0,0.00014148087021825003,True
realgt,ACCAGTATGAAGTTCC-1,0.0,0.0,0.0,1.2907876551784611e-14,True
realgt,ACCTCCACAGCTACGT-1,0.2857142857142857,0.1428571428571428,0.4285714285714285,0.7030450410044873,True
realgt,ACCTGAGCAGGACCGC-1,0.0,0.0,0.0,0.0024516661963761674,True
realgt,ACCTGCACTAGATGGC-1,0.8095238095238095,0.1428571428571428,0.9523809523809523,0.9080160930036988,True
realgt,ACCTGCTTGAGCCTGG-1,0.0,0.0,0.0,0.2295373324241105,True
realgt,ACCTGTGGCGCTGCAA-1,0.0,0.0,0.0,2.1798454759519263e-06,True
realgt,ACGACTGAAGACTTAC-1,0.0,0.0,0.0,1.3123524564626114e-14,True
realgt,ACGCAAGGCATAAGTC-1,0.96,0.04,1.0,0.8812765553978339,True
realgt,ACGCGTTCCAGCCTTC-1,0.7368421052631579,0.0526315789473684,0.7894736842105262,0.9246551989802857,True
realgt,ACGTTAATACAATGAC-1,0.0,0.0,0.0,4.395662960989618e-12,True
realgt,ACTACAATGACCGTAA-1,0.5,0.0,0.5,0.7850909299481857,True
realgt,ACTCCTATGTTCCTAC-1,0.0,0.0,0.0,0.0035565475833094946,True
realgt,ACTCGAGTCCAAGTTG-1,0.0,0.0,0.0,0.028722765123304735,True
realgt,ACTGACTCTGCTGGCC-1,0.7391304347826086,0.0434782608695652,0.7826086956521738,0.8213307728083536,True
realgt,ACTGAGCGATTACTAA-1,0.1071428571428571,0.0,0.1071428571428571,0.11863386690337159,True
realgt,ACTGATACAGAACGTC-1,0.0,0.0,0.0,0.03620875382114654,True
realgt,AGAACATACTGGTCGT-1,0.0,0.0,0.0,3.929095036387738e-05,True
realgt,AGAAGCAGCCTAAGCT-1,0.0,0.0,0.0,1.1863237060886554e-14,True
realgt,AGACCGACCGCAGACA-1,0.0,0.0,0.0,1.2756890263750222e-14,True
realgt,AGACCGTCATTAGTTA-1,0.0,0.0,0.0,1.296169610614116e-14,True
realgt,AGATCTAACGTAATGT-1,0.0714285714285714,0.0,0.0714285714285714,0.24599550890543567,True
realgt,AGCACTGCATCCTAGC-1,0.6363636363636364,0.0909090909090909,0.7272727272727273,0.8814821701899029,True
realgt,AGCATGAGCGAATATT-1,0.0,0.0,0.0,0.029363078526584298,True
realgt,AGCCGTTGCATCCTAG-1,0.8333333333333334,0.125,0.9583333333333334,0.9744426861456209,True
realgt,AGCCTCTGTTCCGATG-1,0.0952380952380952,0.0,0.0952380952380952,0.704771717189679,True
realgt,AGCGACCGTTCTATAC-1,0.0,0.0,0.0,0.3328426699317551,True
realgt,AGCGACTATGTATCTT-1,0.0,0.0,0.0,1.1561630049771511e-09,True
realgt,AGCGCAGATGAGGTGC-1,0.631578947368421,0.0,0.631578947368421,0.17208200788167058,True
realgt,AGGACCGTAGATGCTA-1,0.0,0.0,0.0,1.2665980874468061e-14,True
realgt,AGGACTGGATGAAGAC-1,0.0,0.0,0.0,1.239489034658526e-14,True
realgt,AGGCGATTCCACTTCT-1,0.5714285714285714,0.0,0.5714285714285714,0.7389174404903482,True
realgt,AGGTGGACTTGCCACC-1,0.0625,0.0,0.0625,0.5425863316961057,True
realgt,AGTCGGTTATACATAG-1,0.5333333333333333,0.2,0.7333333333333334,0.6648729437972843,True
realgt,AGTCTGTTACAATAGT-1,0.0,0.0,0.0,0.02946044575116162,True
realgt,ATAACCTAGAACCTGC-1,0.0,0.0,0.0,1.3284865235467717e-14,True
realgt,ATAACGCCTGTAGGCA-1,0.0,0.0,0.0,0.011163139808211065,True
realgt,ATAATTAGTTCTACGG-1,0.0,0.0,0.0,1.2963298239349081e-14,True
realgt,ATAGTTAAGCCTGCCG-1,0.0,0.0,0.0,0.0450852908005012,True
realgt,ATCCACATGTTGGACC-1,0.72,0.08,0.7999999999999999,0.8849298500143091,True
realgt,ATCCGTGGAACTTCAA-1,0.0,0.0,0.0,0.0138038461981528,True
realgt,ATCGTAATCCACATGC-1,1.0,0.0,1.0,0.942060499094459,False
realgt,ATCGTACAACTGGCTA-1,0.7586206896551724,0.0,0.7586206896551724,0.7843565547612064,True
realgt,ATCTGAAGTATGCACG-1,0.0,0.0,0.0,1.2345194688274791e-14,True
realgt,ATCTTAGATAGGTTCA-1,0.0,0.0,0.0,0.030380612948048922,True
realgt,ATCTTATCAGCAATAC-1,0.0,0.0,0.0,0.1335490302858094,True
realgt,ATGAACAATCGATGCG-1,0.0769230769230769,0.0,0.0769230769230769,0.1586575540026393,True
realgt,ATGAGGAACGACCAGC-1,0.0,0.0,0.0,0.04253697312322322,True
realgt,ATGCTCCGTTCTACTG-1,0.0,0.0,0.0,1.2517005353940502e-14,True
realgt,ATGTAATTGTCGTTCG-1,0.0,0.0,0.0,1.2469472323302722e-14,True
realgt,ATGTACATCGTGGTTA-1,0.9,0.0666666666666666,0.9666666666666666,0.9399606881216922,True
realgt,ATGTACTCGTGGCTGT-1,0.1176470588235294,0.0588235294117647,0.1764705882352941,0.4910480307302908,True
realgt,ATGTATCGGAATACGG-1,0.0,0.0,0.0,1.2553737583373721e-14,True
realgt,ATGTGCTTGTGCTACC-1,0.625,0.0,0.625,0.7691185410477848,True
realgt,ATTACTTAACCACTTC-1,0.0,0.0,0.0,5.3623463341857075e-11,True
realgt,ATTAGTCGTGTTATGC-1,0.6206896551724138,0.1724137931034483,0.7931034482758621,0.9692983772437594,True
realgt,ATTATCACAACTCGGC-1,0.0,0.0,0.0,1.3133583414997063e-14,True
realgt,ATTCACGCTGTTATCG-1,0.0,0.0,0.0,1.22520746963419e-14,True
realgt,ATTCCGCTCCATCAGC-1,0.0,0.0,0.0,1.3787524980387135e-14,True
realgt,ATTCGTTAGAATTCGG-1,0.0,0.0,0.0,0.017498703949195962,True
realgt,ATTGCGTAGTTAGGAG-1,0.0,0.0,0.0,1.2672788190877602e-14,True
realgt,ATTGGCCTTCCGTGCA-1,0.0,0.0,0.0,0.1494637586403538,True
realgt,CAACCGTATTACTGTA-1,0.0,0.0,0.0,1.2733954858629768e-14,True
realgt,CAACTTGGTACGATGT-1,0.0,0.0,0.0,1.205404087884144e-14,True
realgt,CAAGCCGCCATAGAGG-1,0.0,0.0,0.0,5.656223942932034e-08,True
realgt,CAAGCCTCCACTATCT-1,0.7857142857142857,0.0,0.7857142857142857,0.8083082056438371,True
realgt,CAAGTACTCCGCATCG-1,0.0,0.0,0.0,1.3256498741195641e-14,True
realgt,CAAGTCCGCTACCGTT-1,1.0,0.0,1.0,0.9945367578947762,False
realgt,CAATAACTACATTAAC-1,0.0,0.0,0.0,1.3083916771789415e-14,True
realgt,CAATAAGGTAGCGATG-1,0.0,0.0,0.0,3.3032132956016265e-07,True
realgt,CAATTGAACCGGCTCG-1,0.0,0.0,0.0,1.3307276572485212e-14,True
realgt,CAATTGTTGACGTGAG-1,0.0,0.0,0.0,1.2385558733797156e-14,True
realgt,CACCATAAGCTGGCTG-1,0.0,0.0,0.0,1.3016245814824965e-14,True
realgt,CACTACTGCGGAATTG-1,0.0,0.0,0.0,1.3637686955856461e-14,True
realgt,CACTCGGCGTATCGGC-1,0.0,0.0,0.0,0.0912513482601848,True
realgt,CAGAGTCAATCCGCTG-1,0.16,0.0,0.16,0.2660929794924356,True
realgt,CAGATTCCGTATGCGA-1,0.0,0.0,0.0,1.3066352973523491e-14,True
realgt,CAGTAGATTGACGGAT-1,0.0,0.0,0.0,1.2115039467644598e-14,True
realgt,CAGTAGCACTACATTG-1,0.0,0.0,0.0,0.14831882654636036,True
realgt,CAGTATGCGTGGCGCT-1,0.0,0.0,0.0,1.3322243958282954e-14,True
realgt,CAGTTGCAACCGAGAT-1,0.0,0.0,0.0,0.15844911733134628,True
realgt,CATAAGTCTTCGAGTT-1,0.0,0.0,0.0,4.6047175811398445e-08,True
realgt,CATAGAACATTGAACA-1,0.0,0.0,0.0,1.2516197041680586e-14,True
realgt,CATCCGAAGCGTATGG-1,0.0,0.0,0.0,1.262106000489028e-14,True
realgt,CATTCTCCAGTCACCA-1,0.0,0.0,0.0,2.490081646298063e-08,True
realgt,CATTGTCGGTCGCTAG-1,0.5,0.0,0.5,0.8627319425305291,True
realgt,CCACTAATCACCGGTA-1,0.1428571428571428,0.0952380952380952,0.238095238095238,0.790396472995804,True
realgt,CCGAAGCCAGGTTCAG-1,0.0,0.0,0.0,1.5219931178813723e-07,True
realgt,CCGACAAGACTGTACT-1,0.0,0.0,0.0,0.08892848625630727,True
realgt,CCGATTCCTCACTACA-1,0.0,0.0,0.0,0.025485652935975933,True
realgt,CCGCAAGGAAGGAGGC-1,0.9166666666666666,0.0416666666666666,0.9583333333333333,0.9872749193781545,True
realgt,CCGCGACCGTAGCTAT-1,0.625,0.25,0.875,0.7377179772917098,True
realgt,CCGCGGCCACAATCGG-1,0.0,0.0,0.0,0.0477326402192442,True
realgt,CCGGCAATGAAGTGAA-1,0.6666666666666666,0.0416666666666666,0.7083333333333333,0.7789095956823021,True
realgt,CCGGCGCTAAGGATGA-1,0.5,0.0,0.5,0.744053761028857,True
realgt,CCGGTGAAGCGGAGTG-1,0.0,0.0,0.0,1.3061009301916597e-14,True
realgt,CCTATGATGGTCAATG-1,0.0,0.0,0.0,2.9902287972573477e-05,True
realgt,CCTCGCTTGAAGGTCA-1,0.303030303030303,0.0,0.303030303030303,0.808515680727619,True
realgt,CCTCTACCGTGATTGG-1,0.0,0.0,0.0,1.3010038706965095e-14,True
realgt,CCTGTCGAGTGACAGA-1,0.0,0.0,0.0,0.0252981017141003,True
realgt,CCTTAGTGGATCCACG-1,0.0,0.0,0.0,1.7300665192066978e-06,True
realgt,CGACAATTATTCTGTC-1,0.0,0.0,0.0,1.2052409737937603e-14,True
realgt,CGACGCCGGAGTTGAG-1,0.0,0.0,0.0,2.429272074167588e-06,True
realgt,CGACTAAGCGGCAGAC-1,0.0,0.0,0.0,1.2482777821676307e-14,True
realgt,CGAGCGAGCCACGCTA-1,0.9444444444444444,0.0555555555555555,0.9999999999999999,0.999456833527127,True
realgt,CGAGCGTGCATTGTGG-1,0.0,0.0,0.0,1.2938133332216956e-14,True
realgt,CGAGGAACGCTGTCCA-1,0.4,0.05,0.45,0.6210204477037637,True
realgt,CGATGACCTCATCCTC-1,0.0,0.0,0.0,1.255289588018129e-14,True
realgt,CGCACGGCTGTCAGGT-1,0.0,0.0,0.0,0.2861776906370627,True
realgt,CGCATCCTGTTGTAGC-1,0.2105263157894736,0.0,0.2105263157894736,0.6378887761734107,True
realgt,CGCCGGACTAGGTACA-1,0.0,0.0,0.0,0.073404489890981,True
realgt,CGCCTTAAGGTACGCT-1,0.0,0.0,0.0,2.3474833521733887e-12,True
realgt,CGCTATAGCGATCGCC-1,0.0,0.0,0.0,0.05922613048946603,True
realgt,CGCTCGTTATAGATCT-1,0.05,0.0,0.05,0.35156401811143123,True
realgt,CGCTGTGACATAGGCA-1,0.0,0.0,0.0,0.028152688096214115,True
realgt,CGGAGCGGTAAGACGC-1,0.0,0.0,0.0,1.3325806743663971e-14,True
realgt,CGGAGCGTCTGACAGT-1,0.0625,0.0,0.0625,0.45039556705616257,True
realgt,CGGCACTCTAGCGGAA-1,0.8275862068965517,0.0344827586206896,0.8620689655172413,0.9478332958609066,True
realgt,CGGCTTACGTGCACGA-1,0.90625,0.0625,0.96875,0.9534477289151884,True
realgt,CGTAACATAAGTCATC-1,0.4666666666666667,0.0,0.4666666666666667,0.5887454437907729,True
realgt,CGTCCACCATTCGGTG-1,0.2916666666666667,0.0416666666666666,0.33333333333333326,0.7709687928548066,True
realgt,CGTCCATCGTCCAATA-1,0.0,0.0,0.0,1.2614308298041206e-14,True
realgt,CGTCGGCGGTAGATCA-1,0.9411764705882352,0.0294117647058823,0.9705882352941174,0.9990013732823995,True
realgt,CGTGAGCAATGGACAT-1,0.0,0.0,0.0,0.008053135483789001,True
realgt,CTAAGTCAAGATCATG-1,0.0476190476190476,0.0,0.0476190476190476,0.2644665294164418,True
realgt,CTAATGAGCGAGGCTA-1,0.0,0.0,0.0,1.3721038883253314e-14,True
realgt,CTACAACCGCTGTCTA-1,0.0,0.0,0.0,1.2445363553173013e-14,True
realgt,CTACATCTACTGGCTT-1,0.0,0.0,0.0,1.2231535490907619e-14,True
realgt,CTACGAATCAGCCTGG-1,0.9743589743589745,0.0256410256410256,1.0,0.8012580369881754,True
realgt,CTAGCGCCTAGCTTAA-1,0.6842105263157895,0.2105263157894736,0.894736842105263,0.9839767250479966,True
realgt,CTATCGCAGTCAATGG-1,0.0,0.0,0.0,0.111162585031486,True
realgt,CTATCGTATCAGCGTG-1,0.9166666666666666,0.0833333333333333,0.9999999999999999,0.9934838068430388,True
realgt,CTATGTCGTTCCGCTA-1,0.6428571428571429,0.0714285714285714,0.7142857142857143,0.9349305709242992,True
realgt,CTCACCTTCTGAAGTA-1,0.0,0.0,0.0,0.023894307150240497,True
realgt,CTCACGAGTAGATGAG-1,0.0,0.0,0.0,1.2142184920227546e-14,True
realgt,CTCCACATAACCTATT-1,0.5217391304347826,0.0,0.5217391304347826,0.7413241301259281,True
realgt,CTCGATGCCGTGCGTC-1,0.0,0.0,0.0,1.2763061289598778e-14,True
realgt,CTCGATGCGGTGTTAA-1,0.0,0.0,0.0,0.03736856917904441,True
realgt,CTCGCTGTTCATAGAT-1,0.0,0.0,0.0,1.1877814892145962e-14,True
realgt,CTCGGATTGAATGAGT-1,0.875,0.125,1.0,0.9406669247264209,True
realgt,CTGAAGTTGCAGACAT-1,0.9032258064516128,0.0,0.9032258064516128,0.9730206496971002,True
realgt,CTGAATTCGCGTAAGG-1,0.0,0.0,0.0,0.03221994078973768,True
realgt,CTGACTGGTATGATAA-1,0.4444444444444444,0.0,0.4444444444444444,0.8428090659975896,True
realgt,CTGACTGTGGCCGGTT-1,0.0,0.0,0.0,1.3113611948907859e-14,True
realgt,CTGATGCCAATGCTTC-1,0.3235294117647059,0.0,0.3235294117647059,0.5809086893080277,True
realgt,CTGCCTAGTGAATAAG-1,0.3333333333333333,0.1111111111111111,0.4444444444444444,0.7258657658987836,True
realgt,CTGGAATAGTGCAAGT-1,0.0,0.0,0.0,1.2712776468664579e-14,True
realgt,CTGGAATGTCCGGCCT-1,0.0,0.0,0.0,9.602307027677474e-07,True
realgt,CTGGTACTCGAAGTGG-1,0.1875,0.03125,0.21875,0.7308777745467048,True
realgt,CTGGTGATCGCCGTAG-1,0.0,0.0,0.0,0.0153630247567382,True
realgt,CTGTATCTTCGCCATA-1,0.0,0.0,0.0,1.3148530120588268e-14,True
realgt,CTGTCAGATCGATGCG-1,0.0,0.0,0.0,1.1289933506308387e-13,True
realgt,CTTCAAGTAACAGCTT-1,0.0,0.0,0.0,0.0029937656728049058,True
realgt,CTTCCACGATCCTGTA-1,0.8214285714285714,0.1785714285714285,0.9999999999999999,0.9776678715776951,True
realgt,CTTCGATACTCCGACC-1,0.0,0.0,0.0,1.241404895124058e-14,True
realgt,CTTGAGTCCAAGGCTG-1,0.0,0.0,0.0,0.0008883010987580198,True
realgt,CTTGCGTAACAGCAGT-1,0.0,0.0,0.0,0.009619680340624154,True
realgt,GAACATTCGACACGTA-1,0.0,0.0,0.0,1.2772384888573809e-14,True
realgt,GAACTCCTCATACATA-1,0.0,0.0,0.0,1.2332138062038298e-14,True
realgt,GAAGCGTATCATCGTT-1,0.8333333333333334,0.0416666666666666,0.875,0.8722569609873072,True
realgt,GAATAAGGAGAACTAA-1,0.0,0.0,0.0,1.2322738918094722e-14,True
realgt,GAATGACAACAGAATA-1,0.074074074074074,0.0,0.074074074074074,0.3809725467366659,True
realgt,GAATTAACCTTCAATT-1,0.0769230769230769,0.0,0.0769230769230769,0.21764975420165592,True
realgt,GACAAGCTGAATCTGG-1,0.0,0.0,0.0,1.254682814174523e-14,True
realgt,GACAAGGTGGTCCGGC-1,0.8571428571428571,0.0571428571428571,0.9142857142857141,0.8412827770395483,True
realgt,GACATCCTTCATTATC-1,0.6521739130434783,0.2608695652173913,0.9130434782608696,0.9855821080156382,True
realgt,GACCAATTGCGTCAGA-1,0.0769230769230769,0.0,0.0769230769230769,0.272510843002784,True
realgt,GACCACATTCTTGAAT-1,0.0,0.0,0.0,1.2781530181053581e-14,True
realgt,GACCTGTCGATTGCAG-1,0.2307692307692307,0.0384615384615384,0.2692307692307691,0.7511720227407024,True
realgt,GACGGTACCTGGCCGT-1,0.0,0.0,0.0,0.6349197550622794,True
realgt,GACTAGTAATCTTGCT-1,0.0,0.0,0.0,1.3319968814545878e-14,True
realgt,GAGCTTGATGGAAGCT-1,0.0,0.0,0.0,7.336915635807293e-11,True
realgt,GAGGCCACTTCTAGAT-1,0.7619047619047619,0.0952380952380952,0.8571428571428571,0.8784783276193134,True
realgt,GAGTAGGATGGTAGTC-1,0.0,0.0,0.0,1.2544500171063845e-14,True
realgt,GAGTCCTGTTACATCT-1,0.0869565217391304,0.0,0.0869565217391304,0.6217692196456999,True
realgt,GATACCTCGCGACTGC-1,0.64,0.08,0.72,0.894585968553452,True
realgt,GATCCACCGCGTGCAA-1,0.0,0.0,0.0,1.3035346014683731e-14,True
realgt,GATCGGAGATACGCAG-1,0.0,0.0,0.0,1.3570800494725656e-14,True
realgt,GATCGTGGCCACAACC-1,0.0,0.0,0.0,0.016487406786930763,True
realgt,GATGCGGTCCAGCTTA-1,0.0,0.0,0.0,0.002570079318657727,True
realgt,GATGTAGGAGTTGGCC-1,0.0,0.0,0.0,1.294139027017059e-14,True
realgt,GATTCCGCTATCGGCT-1,0.72,0.08,0.7999999999999999,0.7939718634578503,True
realgt,GCAAGAGTCGGTGGAC-1,0.225,0.0,0.225,0.44147626693474357,True
realgt,GCAAGCACTACCGCCA-1,0.625,0.0,0.625,0.8712753789644669,True
realgt,GCACAGGCTCTACCAT-1,0.1111111111111111,0.0277777777777777,0.1388888888888888,0.49664159858088536,True
realgt,GCACATGCCGGTCTGG-1,0.0,0.0,0.0,1.2368136666846727e-14,True
realgt,GCACCTTCGCGGTAGA-1,0.4761904761904761,0.0952380952380952,0.5714285714285713,0.806209197752326,True
realgt,GCACGAGCAGTACCGA-1,0.84375,0.0,0.84375,0.8834493608571754,True
realgt,GCACGAGCTATTGTCG-1,0.0,0.0,0.0,1.2649547129928406e-14,True
realgt,GCACGCAACCATACCA-1,0.48,0.04,0.52,0.8515275370395985,True
realgt,GCACGCGTGACATCAG-1,0.8333333333333334,0.0555555555555555,0.8888888888888888,0.8613732713528595,True
realgt,GCACTGCCTCGATGCG-1,0.1818181818181818,0.0909090909090909,0.2727272727272727,0.8016447402693105,True
realgt,GCAGGCCAACATCGCT-1,0.0,0.0,0.0,0.06806350047144656,True
realgt,GCCACGCCTTAGTACG-1,0.0,0.0,0.0,0.102374698322748,True
realgt,GCCGATCTCGTGACTC-1,0.7931034482758621,0.1034482758620689,0.896551724137931,0.9786871228097729,True
realgt,GCCGGCGTAGGTGACG-1,0.5625,0.0625,0.625,0.832368090731507,True
realgt,GCCGGCGTGAACTTGC-1,0.0,0.0,0.0,1.3300587164800074e-14,True
realgt,GCGACGTAGAGCGTTA-1,0.0,0.0,0.0,0.01523840382377434,True
realgt,GCGATGCCTCTAAGTC-1,0.1666666666666666,0.0,0.1666666666666666,0.6036326366062602,True
realgt,GCGTACCGGAACGACA-1,0.7916666666666666,0.0833333333333333,0.8749999999999999,0.9458803611547925,True
realgt,GCGTACCGGATGGCTC-1,0.0,0.0,0.0,1.263791867061952e-14,True
realgt,GCTATCTGTCGCCGAG-1,0.0,0.0,0.0,1.9322712820838322e-10,True
realgt,GCTCCTATGTCTTCGC-1,0.0,0.0,0.0,1.325520876150933e-14,True
realgt,GCTCGGAGATGAATGT-1,0.0,0.0,0.0,1.2610636229859539e-14,True
realgt,GCTTAATAGAGGCGAG-1,0.3,0.0,0.3,0.6989634989845017,True
realgt,GCTTACATGTTGCGCT-1,0.0,0.0,0.0,0.03507193993642879,True
realgt,GCTTATCCGCATTCTT-1,0.0869565217391304,0.0,0.0869565217391304,0.47761360374102096,True
realgt,GCTTGAACTCCATCCA-1,0.0,0.0,0.0,1.0191527332470782e-09,True
realgt,GCTTGGCTGCGGTAAC-1,0.0,0.0,0.0,0.032953418320855715,True
realgt,GGAACATCGTGGAATC-1,0.4444444444444444,0.0,0.4444444444444444,0.4626325024617575,True
realgt,GGAAGCTGAGATAAGG-1,0.0,0.0,0.0,0.007492471111759848,True
realgt,GGACAGTGCGGCAACA-1,0.0,0.0,0.0,1.1949492265078016e-14,True
realgt,GGAGGTCGTAGGAGCT-1,0.0,0.0,0.0,0.0271490410317439,True
realgt,GGCAGCCGGCACTTCC-1,0.9230769230769232,0.0769230769230769,1.0000000000000002,0.9076794462228293,True
realgt,GGCAGCGTATACGACT-1,0.0,0.0,0.0,1.2365795840159604e-14,True
realgt,GGCATACTATTGCACT-1,0.0,0.0,0.0,0.03680806829316469,True
realgt,GGCATCGAACCTCATA-1,0.0,0.0,0.0,0.1426443351880913,True
realgt,GGCATTGCTAAGAATG-1,0.0,0.0,0.0,1.2829611521407283e-14,True
realgt,GGCCGGCGGTCTGTTA-1,0.0,0.0,0.0,0.00969963138703954,True
realgt,GGCTGACGCCGAATCA-1,0.0,0.0,0.0,1.2712673276052264e-14,True
realgt,GGTATGGTTGTCCTCG-1,0.6785714285714286,0.2142857142857142,0.8928571428571428,0.9368339005632728,True
realgt,GGTCTGTTCACTAATC-1,0.3888888888888889,0.5,0.8888888888888888,0.8959881759559634,True
realgt,GGTGTCAAGCTGCACC-1,0.0,0.0,0.0,1.8481849029845807e-06,True
realgt,GGTTAGCTTCATGAGT-1,0.0689655172413793,0.0344827586206896,0.1034482758620689,0.17488065839547579,True
realgt,GTAACATACACCTGTT-1,0.0,0.0,0.0,1.3283905023603564e-14,True
realgt,GTAAGTAATTACAATC-1,0.0,0.0,0.0,1.0306221401338319e-10,True
realgt,GTAAGTTGCTGGTGGA-1,0.0,0.0,0.0,0.05468368299915795,True
realgt,GTACAGAACCGATTAT-1,0.48,0.0,0.48,0.7799557456094953,True
realgt,GTACAGCCGTTACAGA-1,0.8461538461538461,0.0384615384615384,0.8846153846153846,0.9504672280250657,True
realgt,GTACCTGAAGTGAATG-1,0.0,0.0,0.0,1.2600180894347026e-14,True
realgt,GTACGAATTACATAAT-1,0.3636363636363636,0.0,0.3636363636363636,0.6666090885195368,True
realgt,GTACGATTAGTCTACA-1,0.0,0.0,0.0,1.4583223099515788e-06,True
realgt,GTAGACCTGTCAACCA-1,0.0,0.0,0.0,0.07291091264074116,True
realgt,GTAGCAGAGCAATAGC-1,0.0,0.0,0.0,0.0020117157842659003,True
realgt,GTAGCGCTAGATCCGT-1,0.5714285714285714,0.0,0.5714285714285714,0.842175801497338,True
realgt,GTATAAGGCGTCTTCA-1,0.0,0.0,0.0,1.3282747551339286e-14,True
realgt,GTATGATAGTATGGAT-1,0.0,0.0,0.0,1.2469847043390797e-14,True
realgt,GTATGTGCAAGCCGGA-1,0.0,0.0,0.0,1.2670059696595765e-14,True
realgt,GTCAGCCTCCGAACCT-1,0.0,0.0,0.0,1.560097732732216e-14,True
realgt,GTCAGTGCAGCGTTGT-1,0.074074074074074,0.0,0.074074074074074,0.04993353643501779,True
realgt,GTCAGTTCTGCCTGGA-1,0.0,0.0,0.0,1.2630043521611677e-14,True
realgt,GTCCAGCACGTTCAGA-1,0.0294117647058823,0.0,0.0294117647058823,0.0007541459158347906,True
realgt,GTCCGAATGCGGACAG-1,0.0,0.0,0.0,1.5417858973628484e-08,True
realgt,GTCCGTACGGATGCTC-1,0.52,0.12,0.64,0.7553949262630841,True
realgt,GTCGAGTGCTCCTTCG-1,0.84,0.0,0.84,0.955297972888322,True
realgt,GTCTAATCGAATTGGA-1,0.0,0.0,0.0,2.065547593476217e-09,True
realgt,GTCTGCTCAACACCAA-1,0.0,0.0,0.0,1.2005191325885783e-14,True
realgt,GTGAACGGTTCTAACG-1,0.8947368421052632,0.0526315789473684,0.9473684210526315,0.9997374158296481,True
realgt,GTGAAGCCACAACCGG-1,0.4615384615384615,0.0769230769230769,0.5384615384615384,0.9277928250398152,True
realgt,GTGAAGTATTGGTCAC-1,0.0,0.0,0.0,1.3218890855436732e-14,True
realgt,GTGCACCAATCATAAC-1,0.875,0.0833333333333333,0.9583333333333333,0.9682901408194259,True
realgt,GTGCTCAATGCAACCT-1,0.0,0.0,0.0,1.2410542628648611e-14,True
realgt,GTTAACAACTTCGGAT-1,0.0,0.0,0.0,1.2548062644889768e-14,True
realgt,GTTAACTCCGACCACT-1,0.0,0.0,0.0,1.2332059283260396e-14,True
realgt,GTTATGATACGATTAT-1,0.7058823529411765,0.0,0.7058823529411765,0.787827450808152,True
realgt,GTTATTCGGCCATTCG-1,0.0,0.0,0.0,0.07629459406752254,True
realgt,GTTCTACTTATGGTAG-1,0.0,0.0,0.0,0.0816694260345727,True
realgt,GTTGACGCTCGATGGC-1,0.4166666666666667,0.0,0.4166666666666667,0.706486666765089,True
realgt,GTTGACGTCAGATTAG-1,0.0,0.0,0.0,1.3204922616196025e-14,True
realgt,TAACAGGTCCATACCA-1,0.0,0.0,0.0,3.81184917029234e-08,True
realgt,TAACGCGTCAAGCGTT-1,0.72,0.08,0.7999999999999999,0.945961697668849,True
realgt,TAAGCCACAATTGCCT-1,0.92,0.08,1.0,0.9985658670247807,True
realgt,TAAGGTCCGTGACCGT-1,0.6470588235294118,0.0,0.6470588235294118,0.6279942983720639,True
realgt,TAAGTGCTTGACGATT-1,0.1764705882352941,0.1764705882352941,0.3529411764705882,0.8108888210867331,True
realgt,TAAGTGGCCGCTCACC-1,0.0,0.0,0.0,1.2866008075566462e-14,True
realgt,TAATCGCAATGTAATA-1,0.625,0.1666666666666666,0.7916666666666666,0.8274967827664006,True
realgt,TAATGACGAAGCGGCT-1,0.1,0.1,0.2,0.5091005596910285,True
realgt,TAATTGATTCTGTCGC-1,0.0357142857142857,0.0,0.0357142857142857,0.0637081422324355,True
realgt,TACACTCAGCGTATAA-1,0.0,0.0,0.0,6.777071393319938e-10,True
realgt,TACACTCAGTAGAATG-1,0.75,0.1666666666666666,0.9166666666666666,0.9333332153318312,True
realgt,TACACTGTCGAACCAA-1,0.0,0.0,0.0,1.2897858996686118e-14,True
realgt,TACAGCCTCGCATTGC-1,0.4878048780487805,0.0,0.4878048780487805,0.7396355805136398,True
realgt,TACCATTGGTCTCCAA-1,0.0,0.0,0.0,0.04378864428223327,True
realgt,TACGGAATACTCGTTC-1,0.0,0.0,0.0,1.6697082700400039e-12,True
realgt,TACGTGATGGTAGGAT-1,0.0,0.0,0.0,0.1012908106816199,True
realgt,TACGTTACTGGTAGCG-1,0.7391304347826086,0.0434782608695652,0.7826086956521738,0.9633966936410584,True
realgt,TACTAGGATCAATGGC-1,0.0,0.0,0.0,1.2050934948228017e-14,True
realgt,TACTCACTACTCACTC-1,0.1904761904761904,0.0,0.1904761904761904,0.5947406882704195,True
realgt,TAGACATGGTTAGGTC-1,0.0,0.0,0.0,0.2289111112627756,True
realgt,TAGACCGCGGAAGGAC-1,0.0,0.0,0.0,1.3661951230753368e-14,True
realgt,TAGAGCAGACAGTCCA-1,0.9310344827586208,0.0689655172413793,1.0,0.9338576286439234,True
realgt,TAGCGTATAGCGCTAA-1,0.0,0.0,0.0,1.351622840370768e-14,True
realgt,TAGCGTTATGACCTCC-1,0.7692307692307693,0.1538461538461538,0.9230769230769231,0.9297868186781392,True
realgt,TAGCTAGACACTGGTT-1,0.0,0.0,0.0,0.06432337493432838,True
realgt,TAGGCTCCGGCATACA-1,0.896551724137931,0.0344827586206896,0.9310344827586207,0.9537526692641507,True
realgt,TAGGCTTATCTAGCTC-1,0.0,0.0,0.0,1.3263624206803252e-14,True
realgt,TAGTAAGCGGTGGATA-1,0.0,0.0,0.0,1.2113038925278081e-14,True
realgt,TAGTGCACTATTGTCA-1,0.0,0.0,0.0,1.3024990652236527e-14,True
realgt,TAGTTACATAGAAGAT-1,0.0,0.0,0.0,0.39237978003051094,True
realgt,TAGTTCCGATAGAATC-1,0.0,0.0,0.0,1.2357915139400261e-14,True
realgt,TAGTTCGATCCTCACG-1,0.0,0.0,0.0,2.8477477319268674e-06,True
realgt,TATCACTTCGAGCCGT-1,0.0,0.0,0.0,1.2271594730748154e-14,True
realgt,TATGGCCGGCGACACT-1,0.0,0.0,0.0,1.2531767709536988e-14,True
realgt,TATGTTGCAGTCTAGG-1,0.0,0.0,0.0,0.114768757967973,True
realgt,TATTCCGGTTGTTAAT-1,0.0,0.0,0.0,1.280160834697261e-14,True
realgt,TATTCGATGATCTAGT-1,0.0,0.0,0.0,0.013158034011151334,True
realgt,TATTCTAAGGCTCATC-1,0.0,0.0,0.0,0.09299375150939962,True
realgt,TCAAGGTATCAACTTA-1,0.0,0.0,0.0,1.3039700577810885e-14,True
realgt,TCACATCCTGTCGCGG-1,0.0714285714285714,0.0,0.0714285714285714,0.6540505787038475,True
realgt,TCACATCCTTATACAG-1,0.0,0.0,0.0,0.0035720361334458,True
realgt,TCAGAATCGATATCAT-1,0.0,0.0,0.0,1.3352021511719247e-14,True
realgt,TCAGCGCCTAGTCTTA-1,0.0,0.0,0.0,1.2518310209449903e-14,True
realgt,TCAGCTAGGATGTACT-1,0.0,0.0,0.0,1.3403624374319972e-14,True
realgt,TCAGTATGTAGGACAA-1,0.0,0.0,0.0,1.2513186448223054e-14,True
realgt,TCAGTGAAGAGTTCTA-1,0.0,0.0,0.0,0.07566501856003365,True
realgt,TCATAGTACTAGTTCA-1,0.5294117647058824,0.0588235294117647,0.5882352941176471,0.854251832198259,True
realgt,TCATGAGGCTTGACGC-1,0.72,0.12,0.84,0.9339130829346275,True
realgt,TCATGAGGTTGATATG-1,0.7407407407407407,0.074074074074074,0.8148148148148147,0.9830451875342971,True
realgt,TCATTCTTGGCATCGG-1,0.0,0.0,0.0,1.2634751462680654e-14,True
realgt,TCCAACTGAATAAGGT-1,0.0,0.0,0.0,1.3296066510180123e-14,True
realgt,TCCAATTAGCAATCAA-1,0.0,0.0,0.0,1.2783586026247573e-14,True
realgt,TCCACCAAGTGACGAA-1,0.0,0.0,0.0,1.15129176742432e-14,True
realgt,TCCAGATCTTCGCTTA-1,0.5625,0.1875,0.75,0.9699956623573608,True
realgt,TCCAGTGATGCGTATC-1,0.4375,0.0,0.4375,0.8477202232052933,True
realgt,TCCATGTCGGACCGAC-1,0.4761904761904761,0.0,0.4761904761904761,0.6280729896642806,True
realgt,TCCGGTACGTGGCCTC-1,0.0,0.0,0.0,1.317531488274869e-14,True
realgt,TCCGTGTTCTGTTCTG-1,0.0,0.0,0.0,1.3853823075924226e-14,True
realgt,TCCTAAGCGGTTCATC-1,0.7407407407407407,0.037037037037037,0.7777777777777777,0.8810076255677772,True
realgt,TCCTCATGGCACCGTT-1,0.0303030303030303,0.0,0.0303030303030303,0.1600229890597726,True
realgt,TCCTGAAGCGTGCACT-1,0.7272727272727273,0.0,0.7272727272727273,0.7601279441350733,True
realgt,TCCTGCCGTGTCTAAG-1,0.0,0.0,0.0,0.0096859435509575,True
realgt,TCGCCTAATGACCGGT-1,0.125,0.0,0.125,0.0322359038950403,True
realgt,TCGCCTGACGGCCACT-1,0.0,0.0,0.0,1.3377986167137285e-14,True
realgt,TCGCCTGCACGGAAGG-1,0.4,0.0,0.4,0.3799880390220064,True
realgt,TCGCCTTGTTCTGATT-1,0.25,0.0,0.25,0.387480183650784,True
realgt,TCGGCGGAACATACGC-1,0.0,0.0,0.0,0.051870569193798,True
realgt,TCGTAAGGCGTTCAGG-1,0.6818181818181818,0.0,0.6818181818181818,0.9887227843887411,True
realgt,TCGTTAGCTTACTCAT-1,0.0,0.0,0.0,0.11267326243228859,True
realgt,TCTAACAAGCCAATCC-1,0.9629629629629628,0.037037037037037,0.9999999999999998,0.9910521661475563,True
realgt,TCTACATGTCCGACTT-1,0.0,0.0,0.0,1.2564243546746482e-14,True
realgt,TCTACCGGTCAATAGC-1,0.0,0.0,0.0,1.2477227761026191e-14,True
realgt,TCTAGAACTTCTTGCA-1,0.0294117647058823,0.0,0.0294117647058823,0.3044691743919709,True
realgt,TCTAGAGTCTCCACGC-1,0.0,0.0,0.0,0.0092490836483389,True
realgt,TCTAGCTTATTCGCCA-1,0.0,0.0,0.0,0.01935642642326999,True
realgt,TCTGAGCGTAATTGTC-1,0.0,0.0,0.0,1.2385384447509813e-14,True
realgt,TCTGCAAGGACGGCAA-1,0.0,0.0,0.0,4.967217864158854e-07,True
realgt,TCTGGACGCTAAGACA-1,0.8095238095238095,0.1428571428571428,0.9523809523809523,0.9687919703183028,True
realgt,TCTTACCGCACTGAAT-1,0.0,0.0,0.0,1.483366392079183e-14,True
realgt,TCTTACGAGGAATAAG-1,1.0,0.0,1.0,0.9994173866034268,False
realgt,TCTTGCACCAATCTAT-1,0.0,0.0,0.0,3.697244063690958e-12,True
realgt,TCTTGCCGGAGCCAGA-1,0.0,0.0,0.0,2.6992376062766534e-06,True
realgt,TGAAGTATGATCGTGC-1,0.0,0.0,0.0,1.1780545933905459e-14,True
realgt,TGACTTAATGCGTTGG-1,0.0,0.0,0.0,1.2871669965437445e-14,True
realgt,TGATCGGACCTGGATG-1,0.0,0.0,0.0,1.2966437020468522e-14,True
realgt,TGCACGCTCCTATCCG-1,0.8571428571428571,0.0,0.8571428571428571,0.7960819407827753,True
realgt,TGCAGTTGTCGGAGCG-1,0.0,0.0,0.0,0.011648013707786592,True
realgt,TGCATTCGCCAGCGAT-1,0.4814814814814814,0.1481481481481481,0.6296296296296295,0.8034807824057322,True
realgt,TGCATTCGCTACAATG-1,0.0,0.0,0.0,0.00014146658187732473,True
realgt,TGCCACTCAACCGGCC-1,0.3333333333333333,0.0,0.3333333333333333,0.7048432071492945,True
realgt,TGCGGACTTCTGTCGC-1,0.0,0.0,0.0,3.589231041973059e-07,True
realgt,TGCGTGTCAGCCAGTG-1,0.0,0.0,0.0,0.2721987011542348,True
realgt,TGCTTATGCGGTTCTG-1,0.6875,0.09375,0.78125,0.8836163549424498,True
realgt,TGGAAGACGTGAGTAG-1,0.4,0.0,0.4,0.710893618318631,True
realgt,TGGAAGCTCCATCGAC-1,0.6785714285714286,0.2142857142857142,0.8928571428571428,0.991648446032232,True
realgt,TGGCGAATTCTATGGT-1,0.03125,0.0,0.03125,0.1277906700017775,True
realgt,TGGCGACACTCGCATC-1,0.4210526315789473,0.0,0.4210526315789473,0.071570379646181,True
realgt,TGGCGACACTGCCGGA-1,0.0,0.0,0.0,1.240813272947564e-14,True
realgt,TGGTACCAGATTGTTA-1,0.625,0.0416666666666666,0.6666666666666666,0.9443335077496091,True
realgt,TGGTACTGGTATCTTG-1,0.6190476190476191,0.0952380952380952,0.7142857142857143,0.7879841936655236,True
realgt,TGGTATTCCTAGTCCA-1,0.0,0.0,0.0,1.3983829289010244e-14,True
realgt,TGGTGCCGCTGCAACA-1,0.5789473684210527,0.1052631578947368,0.6842105263157895,0.9265167729820691,True
realgt,TGGTTGCCAGTGTCAA-1,0.0,0.0,0.0,0.24027033003957443,True
realgt,TGTAAGATCTTCACAT-1,0.0,0.0,0.0,1.3416652945176956e-14,True
realgt,TGTATGATTGTAGGTG-1,0.0,0.0,0.0,0.05919329410546091,True
realgt,TGTCAGATAAGGTGAC-1,0.238095238095238,0.0476190476190476,0.2857142857142856,0.6514295677182691,True
realgt,TGTCCATGTATGGAAT-1,0.9047619047619048,0.0,0.9047619047619048,0.9089246449034218,True
realgt,TGTCTAAGCAGACGTA-1,0.6818181818181818,0.1363636363636363,0.8181818181818181,0.7326966499988303,True
realgt,TGTCTGTAAGCGAACT-1,0.0,0.0,0.0,0.050802746599756796,True
realgt,TGTTGCGTCCAAGATT-1,0.0,0.0,0.0,1.2700817905215622e-14,True
realgt3,cosmx_bcc_spot_0000000665,1.0,0.0,1.0,0.9677351108719022,False
realgt3,cosmx_bcc_spot_0000001062,0.9,0.0,0.9,0.9135390395635882,True
realgt3,cosmx_bcc_spot_0000001070,1.0,0.0,1.0,0.9588693489672345,False
realgt3,cosmx_bcc_spot_0000001460,0.3846153846153846,0.0,0.3846153846153846,0.24516499764675537,True
realgt3,cosmx_bcc_spot_0000001461,0.9736842105263158,0.0,0.9736842105263158,0.9999999999895405,True
realgt3,cosmx_bcc_spot_0000001471,1.0,0.0,1.0,0.9535826520303152,False
realgt3,cosmx_bcc_spot_0000001879,1.0,0.0,1.0,0.9488013281398157,False
realgt3,cosmx_bcc_spot_0000002269,1.0,0.0,1.0,0.9957180560714782,False
realgt3,cosmx_bcc_spot_0000002270,0.5625,0.0,0.5625,0.5024407658548106,True
realgt3,cosmx_bcc_spot_0000002681,0.967741935483871,0.0,0.967741935483871,0.961964725281981,True
realgt3,cosmx_bcc_spot_0000003088,0.8333333333333334,0.0,0.8333333333333334,0.8386605635246365,True
realgt3,cosmx_bcc_spot_0000003095,0.0,0.0,0.0,2.0627063397102386e-15,True
realgt3,cosmx_bcc_spot_0000003482,0.05,0.0,0.05,0.0067468344834361,True
realgt3,cosmx_bcc_spot_0000003585,1.0,0.0,1.0,0.92319254808723,False
realgt3,cosmx_bcc_spot_0000003901,1.0,0.0,1.0,0.9999999879563025,False
realgt3,cosmx_bcc_spot_0000003986,0.3333333333333333,0.1666666666666666,0.4999999999999999,0.12241129748157051,True
realgt3,cosmx_bcc_spot_0000004291,0.9705882352941176,0.0,0.9705882352941176,0.9225980563998472,True
realgt3,cosmx_bcc_spot_0000004297,0.9743589743589745,0.0,0.9743589743589745,0.9918588905625934,True
realgt3,cosmx_bcc_spot_0000004307,0.44,0.0,0.44,0.5623245446654049,True
realgt3,cosmx_bcc_spot_0000004395,1.0,0.0,1.0,0.8855968730590698,False
realgt3,cosmx_bcc_spot_0000004708,1.0,0.0,1.0,0.9716687170964843,False
realgt3,cosmx_bcc_spot_0000004711,0.1428571428571428,0.0,0.1428571428571428,0.015813874932475675,True
realgt3,cosmx_bcc_spot_0000004795,0.1428571428571428,0.0,0.1428571428571428,0.17353440786400648,True
realgt3,cosmx_bcc_spot_0000004797,0.9230769230769232,0.0,0.9230769230769232,0.8599129489509554,True
realgt3,cosmx_bcc_spot_0000005098,1.0,0.0,1.0,0.9294995136834332,False
realgt3,cosmx_bcc_spot_0000005605,1.0,0.0,1.0,0.997205725337266,False
realgt3,cosmx_bcc_spot_0000006015,1.0,0.0,1.0,0.9618833935532303,False
realgt3,cosmx_bcc_spot_0000006412,1.0,0.0,1.0,0.9286988071620681,False
realgt3,cosmx_bcc_spot_0000007219,1.0,0.0,1.0,0.8421023356446472,False
realgt3,cosmx_bcc_spot_0000007223,0.8695652173913043,0.0,0.8695652173913043,0.9048071216502097,True
realgt3,cosmx_bcc_spot_0000007623,0.9629629629629628,0.0,0.9629629629629628,0.8886575427674996,True
realgt3,cosmx_bcc_spot_0000008832,1.0,0.0,1.0,0.9463566646008362,False
realgt3,cosmx_bcc_spot_0000009234,1.0,0.0,1.0,0.5000200171089682,False
realgt3,cosmx_bcc_spot_0000009969,0.1666666666666666,0.0,0.1666666666666666,9.970514837694137e-05,True
realgt3,cosmx_bcc_spot_0000009973,0.9,0.0,0.9,0.0203619585117818,True
realgt3,cosmx_bcc_spot_0000010102,0.4,0.6,1.0,0.4437069810413602,True
realgt3,cosmx_bcc_spot_0000010360,1.0,0.0,1.0,0.9832939419912462,False
realgt3,cosmx_bcc_spot_0000010362,1.0,0.0,1.0,0.9596500376849142,False
realgt3,cosmx_bcc_spot_0000010366,0.0,0.0,0.0,0.0072978306797600615,True
realgt3,cosmx_bcc_spot_0000010450,1.0,0.0,1.0,0.8104988900859761,False
realgt3,cosmx_bcc_spot_0000010763,0.9090909090909092,0.0,0.9090909090909092,0.8900113834256635,True
realgt3,cosmx_bcc_spot_0000010775,0.0,0.0,0.0,0.002724616804734445,True
realgt3,cosmx_bcc_spot_0000010776,0.0,0.0,0.0,2.974814782010648e-10,True
realgt3,cosmx_bcc_spot_0000011577,0.0,0.0,0.0,2.546442052048948e-15,True
realgt3,cosmx_bcc_spot_0000011578,0.0,0.0,0.0,1.7909084069269973e-10,True
realgt3,cosmx_bcc_spot_0000011719,0.0,0.0,0.0,4.825688343470939e-12,True
realgt3,cosmx_bcc_spot_0000011982,0.0909090909090909,0.0,0.0909090909090909,0.00010246452297987302,True
realgt3,cosmx_bcc_spot_0000012069,1.0,0.0,1.0,0.8175035412965416,False
realgt3,cosmx_bcc_spot_0000012124,0.0769230769230769,0.0,0.0769230769230769,2.6208253545511355e-05,True
realgt3,cosmx_bcc_spot_0000012386,0.0416666666666666,0.0,0.0416666666666666,0.011064310054998,True
realgt3,cosmx_bcc_spot_0000012466,0.8947368421052632,0.0,0.8947368421052632,0.5683153110998734,True
realgt3,cosmx_bcc_spot_0000012790,0.6363636363636364,0.0,0.6363636363636364,0.7514601589076384,True
realgt3,cosmx_bcc_spot_0000012795,0.0666666666666666,0.0,0.0666666666666666,3.955776334474658e-06,True
realgt3,cosmx_bcc_spot_0000012935,0.95,0.0,0.95,0.8274664226403794,True
realgt3,cosmx_bcc_spot_0000013191,0.0,0.0,0.0,2.9544493471224688e-15,True
realgt3,cosmx_bcc_spot_0000013737,0.0769230769230769,0.0,0.0769230769230769,0.006562281341084202,True
realgt3,cosmx_bcc_spot_0000013994,0.3529411764705882,0.0,0.3529411764705882,0.35026378592528606,True
realgt3,cosmx_bcc_spot_0000014142,0.0,0.0,0.0,3.981456796286445e-15,True
realgt3,cosmx_bcc_spot_0000014401,0.5142857142857142,0.0,0.5142857142857142,0.5261229334141279,True
realgt3,cosmx_bcc_spot_0000014402,1.0,0.0,1.0,0.992843317467848,False
realgt3,cosmx_bcc_spot_0000014406,1.0,0.0,1.0,0.9999999999127155,False
realgt3,cosmx_bcc_spot_0000014409,0.1111111111111111,0.0,0.1111111111111111,0.1536867919290803,True
realgt3,cosmx_bcc_spot_0000014545,0.0,0.0,0.0,2.6462680370004248e-11,True
realgt3,cosmx_bcc_spot_0000015762,0.0,0.0,0.0,1.0299121018656191e-13,True
realgt3,cosmx_bcc_spot_0000015845,0.2,0.0666666666666666,0.2666666666666666,0.01934363648978,True
realgt3,cosmx_bcc_spot_0000015851,0.0,0.0,0.0,1.1200296554386565e-11,True
realgt3,cosmx_bcc_spot_0000016006,1.0,0.0,1.0,0.9920710305633179,False
realgt3,cosmx_bcc_spot_0000016256,0.2727272727272727,0.4545454545454545,0.7272727272727272,0.5230348149327478,True
realgt3,cosmx_bcc_spot_0000016257,0.0,1.0,1.0,0.5627591788379745,True
realgt3,cosmx_bcc_spot_0000016431,0.0588235294117647,0.0,0.0588235294117647,0.08702778600071022,True
realgt3,cosmx_bcc_spot_0000016538,0.8888888888888888,0.0,0.8888888888888888,0.8828184072198776,True
realgt3,cosmx_bcc_spot_0000016570,0.1666666666666666,0.0,0.1666666666666666,0.1352495206282528,True
realgt3,cosmx_bcc_spot_0000016654,0.0,0.0,0.0,0.005388553318286748,True
realgt3,cosmx_bcc_spot_0000016828,1.0,0.0,1.0,0.9999999999999851,False
realgt3,cosmx_bcc_spot_0000017060,0.0,0.0,0.0,2.5684745574767034e-15,True
realgt3,cosmx_bcc_spot_0000017336,0.9705882352941176,0.0,0.9705882352941176,0.9680494942370534,True
realgt3,cosmx_bcc_spot_0000017347,0.8571428571428571,0.0,0.8571428571428571,0.8169274608055748,True
realgt3,cosmx_bcc_spot_0000017468,0.0,0.0,0.0,3.7981457173601626e-15,True
realgt3,cosmx_bcc_spot_0000017614,0.9285714285714286,0.0,0.9285714285714286,0.7287210596409363,True
realgt3,cosmx_bcc_spot_0000017615,0.8461538461538461,0.0,0.8461538461538461,0.6478751382428863,True
realgt3,cosmx_bcc_spot_0000017619,0.7586206896551724,0.0,0.7586206896551724,0.8637953175016478,True
realgt3,cosmx_bcc_spot_0000017623,0.6785714285714286,0.0,0.6785714285714286,0.7891259225243645,True
realgt3,cosmx_bcc_spot_0000017723,0.9629629629629628,0.0,0.9629629629629628,0.7741465377269883,True
realgt3,cosmx_bcc_spot_0000017737,0.9777777777777776,0.0,0.9777777777777776,0.9999953976375945,True
realgt3,cosmx_bcc_spot_0000017738,0.9791666666666666,0.0,0.9791666666666666,0.9999999987733796,True
realgt3,cosmx_bcc_spot_0000018041,1.0,0.0,1.0,0.9930319019782109,False
realgt3,cosmx_bcc_spot_0000018141,0.9736842105263158,0.0,0.9736842105263158,0.9999998871030894,True
realgt3,cosmx_bcc_spot_0000018147,1.0,0.0,1.0,0.9999460720638971,False
realgt3,cosmx_bcc_spot_0000018271,1.0,0.0,1.0,0.9869853311177167,False
realgt3,cosmx_bcc_spot_0000018450,1.0,0.0,1.0,0.9931139077887896,False
realgt3,cosmx_bcc_spot_0000018530,0.8695652173913043,0.0,0.8695652173913043,0.5071075523625284,True
realgt3,cosmx_bcc_spot_0000018536,1.0,0.0,1.0,0.9999999899859153,False
realgt3,cosmx_bcc_spot_0000018550,0.9655172413793104,0.0,0.9655172413793104,0.9703832542773283,True
realgt3,cosmx_bcc_spot_0000018665,0.8695652173913043,0.0,0.8695652173913043,0.7184207587855976,True
realgt3,cosmx_bcc_spot_0000018674,0.9615384615384616,0.0,0.9615384615384616,0.9031737102760831,True
realgt3,cosmx_bcc_spot_0000018829,0.6666666666666666,0.0,0.6666666666666666,0.6950334566911589,True
realgt3,cosmx_bcc_spot_0000018943,0.972972972972973,0.0,0.972972972972973,0.9950315167515483,True
realgt3,cosmx_bcc_spot_0000018950,1.0,0.0,1.0,0.9999984269655595,False
realgt3,cosmx_bcc_spot_0000018961,1.0,0.0,1.0,0.9449355488317484,False
realgt3,cosmx_bcc_spot_0000019066,0.5555555555555556,0.4444444444444444,1.0,0.4686957154153863,True
realgt3,cosmx_bcc_spot_0000019072,1.0,0.0,1.0,0.9985957586040142,False
realgt3,cosmx_bcc_spot_0000019078,1.0,0.0,1.0,0.9994346444802599,False
realgt3,cosmx_bcc_spot_0000019360,1.0,0.0,1.0,0.9619287147375244,False
realgt3,cosmx_bcc_spot_0000019364,1.0,0.0,1.0,0.7778107195175687,False
realgt3,cosmx_bcc_spot_0000019367,0.96,0.0,0.96,0.8164520402747609,True
realgt3,cosmx_bcc_spot_0000019482,1.0,0.0,1.0,0.9694140780739045,False
realgt3,cosmx_bcc_spot_0000019655,1.0,0.0,1.0,0.9950936158896693,False
realgt3,cosmx_bcc_spot_0000019760,0.9629629629629628,0.0,0.9629629629629628,0.9110699612282201,True
realgt3,cosmx_bcc_spot_0000020069,1.0,0.0,1.0,0.9918689979563801,False
realgt3,cosmx_bcc_spot_0000020150,1.0,0.0,1.0,0.9997727671226344,False
realgt3,cosmx_bcc_spot_0000020177,0.0,0.0,0.0,8.678329902631681e-12,True
realgt3,cosmx_bcc_spot_0000020469,1.0,0.0,1.0,0.9825817386639677,False
realgt3,cosmx_bcc_spot_0000020473,1.0,0.0,1.0,0.9987257075111989,False
realgt3,cosmx_bcc_spot_0000020871,1.0,0.0,1.0,0.9826908053828688,False
realgt3,cosmx_bcc_spot_0000020873,1.0,0.0,1.0,0.9629228963389014,False
realgt3,cosmx_bcc_spot_0000020964,1.0,0.0,1.0,0.9999381724600304,False
realgt3,cosmx_bcc_spot_0000021370,1.0,0.0,1.0,0.9997596901193981,False
realgt3,cosmx_bcc_spot_0000021781,1.0,0.0,1.0,0.8999040336038724,False
realgt3,cosmx_bcc_spot_0000022168,0.975,0.0,0.975,0.9167382954427088,True
realgt3,cosmx_bcc_spot_0000023386,0.9117647058823528,0.0,0.9117647058823528,0.9801009473225927,True
realgt3,cosmx_bcc_spot_0000023387,1.0,0.0,1.0,0.9999999968876829,False
realgt3,cosmx_bcc_spot_0000023774,0.0,0.0,0.0,0.0039820899970971005,True
realgt3,cosmx_bcc_spot_0000023792,1.0,0.0,1.0,0.9806425990261798,False
realgt3,cosmx_bcc_spot_0000024199,1.0,0.0,1.0,0.9243200268813696,False
realgt3,cosmx_bcc_spot_0000024205,1.0,0.0,1.0,0.9889667421570552,False
realgt3,cosmx_bcc_spot_0000024606,0.96875,0.0,0.96875,0.8985835182401242,True
realgt3,cosmx_bcc_spot_0000024608,1.0,0.0,1.0,0.876184311860411,False
realgt3,cosmx_bcc_spot_0000024991,1.0,0.0,1.0,0.9532780806546711,False
realgt3,cosmx_bcc_spot_0000024994,0.6470588235294118,0.0,0.6470588235294118,0.7872157067955852,True
realgt3,cosmx_bcc_spot_0000025006,0.4615384615384615,0.0,0.4615384615384615,0.5326249812583147,True
realgt3,cosmx_bcc_spot_0000025014,0.1538461538461538,0.0,0.1538461538461538,3.5489970769241187e-06,True
realgt3,cosmx_bcc_spot_0000025391,0.25,0.0,0.25,0.050155079490990837,True
realgt3,cosmx_bcc_spot_0000025415,0.1428571428571428,0.0,0.1428571428571428,0.052437723080201934,True
realgt3,cosmx_bcc_spot_0000025797,1.0,0.0,1.0,0.9691333331728759,False
realgt3,cosmx_bcc_spot_0000025809,0.9655172413793104,0.0,0.9655172413793104,0.8137655652487713,True
realgt3,cosmx_bcc_spot_0000026210,1.0,0.0,1.0,0.9826680035044867,False
realgt3,cosmx_bcc_spot_0000026223,1.0,0.0,1.0,0.8359088624332969,False
realgt3,cosmx_bcc_spot_0000026604,1.0,0.0,1.0,0.9414958718217795,False
realgt3,cosmx_bcc_spot_0000027008,0.4666666666666667,0.0,0.4666666666666667,0.5660755612410259,True
realgt3,cosmx_bcc_spot_0000027421,0.1578947368421052,0.0,0.1578947368421052,2.5258413179266323e-15,True
realgt3,cosmx_bcc_spot_0000027426,0.9230769230769232,0.0,0.9230769230769232,0.9626197438328462,True
realgt3,cosmx_bcc_spot_0000027821,1.0,0.0,1.0,0.9762813475689902,False
realgt3,cosmx_bcc_spot_0000027834,0.6666666666666666,0.0,0.6666666666666666,0.7715268428230073,True
realgt3,cosmx_bcc_spot_0000028237,0.3,0.0,0.3,0.5596259216039732,True
realgt3,cosmx_bcc_spot_0000028633,0.0909090909090909,0.0,0.0909090909090909,0.0011467161497380138,True
realgt3,cosmx_bcc_spot_0000029044,1.0,0.0,1.0,0.9999993846607774,False
realgt3,cosmx_bcc_spot_0000029446,1.0,0.0,1.0,0.9993242628631483,False
realgt3,cosmx_bcc_spot_0000040460,0.85,0.0,0.85,0.8205378250879599,True
realgt3,cosmx_bcc_spot_0000040870,0.8947368421052632,0.0,0.8947368421052632,0.8377459036687092,True
realgt3,cosmx_bcc_spot_0000040899,0.2857142857142857,0.1428571428571428,0.4285714285714285,0.1730994472469791,True
realgt3,cosmx_bcc_spot_0000041305,0.625,0.0,0.625,0.6659237192873289,True
realgt3,cosmx_bcc_spot_0000042086,0.8823529411764706,0.0,0.8823529411764706,0.7917437562473117,True
realgt3,cosmx_bcc_spot_0000042481,0.9333333333333332,0.0,0.9333333333333332,0.8812870881256397,True
realgt3,cosmx_bcc_spot_0000042518,1.0,0.0,1.0,0.9434663388597795,False
realgt3,cosmx_bcc_spot_0000042886,0.9047619047619048,0.0,0.9047619047619048,0.8478040906662797,True
realgt3,cosmx_bcc_spot_0000042917,0.6,0.0,0.6,0.7386894217005782,True
realgt3,cosmx_bcc_spot_0000042921,1.0,0.0,1.0,0.99406875003339,False
realgt3,cosmx_bcc_spot_0000043326,0.85,0.0,0.85,0.7968003160187604,True
realgt3,cosmx_bcc_spot_0000044129,1.0,0.0,1.0,0.9198658056248272,False
realgt3,cosmx_bcc_spot_0000044499,1.0,0.0,1.0,0.936080933662464,False
realgt3,cosmx_bcc_spot_0000044510,0.92,0.0,0.92,0.6403631373804197,True
realgt3,cosmx_bcc_spot_0000044541,1.0,0.0,1.0,0.7418515909036099,False
realgt3,cosmx_bcc_spot_0000044914,1.0,0.0,1.0,0.6919465810092889,False
realgt3,cosmx_bcc_spot_0000045296,0.875,0.0,0.875,0.9704841268298705,True
realgt3,cosmx_bcc_spot_0000045343,0.9411764705882352,0.0,0.9411764705882352,0.9021046340553612,True
realgt3,cosmx_bcc_spot_0000046105,0.95,0.0,0.95,0.89496805148486,True
realgt3,cosmx_bcc_spot_0000046517,0.9565217391304348,0.0,0.9565217391304348,0.8129983450603994,True
realgt3,cosmx_bcc_spot_0000046528,1.0,0.0,1.0,0.8016903618299207,False
realgt3,cosmx_bcc_spot_0000046919,0.0,0.0,0.0,3.744990291565163e-15,True
realgt3,cosmx_bcc_spot_0000046934,1.0,0.0,1.0,0.8555123634610079,False
realgt3,cosmx_bcc_spot_0000046942,1.0,0.0,1.0,0.47751670141190133,False
realgt3,cosmx_bcc_spot_0000047318,1.0,0.0,1.0,0.7433774052752707,False
realgt3,cosmx_bcc_spot_0000047319,0.875,0.0,0.875,0.7040582313981676,True
realgt3,cosmx_bcc_spot_0000047334,1.0,0.0,1.0,0.6344013531945606,False
realgt3,cosmx_bcc_spot_0000047367,1.0,0.0,1.0,0.9406381497187123,False
realgt3,cosmx_bcc_spot_0000047372,1.0,0.0,1.0,0.9574891938718214,False
realgt3,cosmx_bcc_spot_0000047721,0.9444444444444444,0.0,0.9444444444444444,0.6896331660370939,True
realgt3,cosmx_bcc_spot_0000048126,0.625,0.0,0.625,0.26559878059447317,True
realgt3,cosmx_bcc_spot_0000048145,0.9,0.0,0.9,0.7200381939034696,True
realgt3,cosmx_bcc_spot_0000048180,0.95,0.0,0.95,0.7793612400767462,True
realgt3,cosmx_bcc_spot_0000048183,1.0,0.0,1.0,0.9424579985484998,False
realgt3,cosmx_bcc_spot_0000048576,0.7857142857142857,0.0,0.7857142857142857,0.8134579639611805,True
realgt3,cosmx_bcc_spot_0000048951,0.8947368421052632,0.0,0.8947368421052632,0.746957667953285,True
realgt3,cosmx_bcc_spot_0000048960,0.925925925925926,0.0,0.925925925925926,0.46142348917008974,True
realgt3,cosmx_bcc_spot_0000048985,0.9333333333333332,0.0,0.9333333333333332,0.8906498272055818,True
realgt3,cosmx_bcc_spot_0000048987,0.9090909090909092,0.0,0.9090909090909092,0.7379872058494066,True
realgt3,cosmx_bcc_spot_0000048989,0.4166666666666667,0.0,0.4166666666666667,0.4914806440205017,True
realgt3,cosmx_bcc_spot_0000049794,1.0,0.0,1.0,0.9650952147700697,False
realgt3,cosmx_bcc_spot_0000050199,1.0,0.0,1.0,0.9630965347012791,False
realgt3,cosmx_bcc_spot_0000051001,0.9047619047619048,0.0,0.9047619047619048,0.8454943420213606,True
realgt3,cosmx_bcc_spot_0000051006,1.0,0.0,1.0,0.9974422485820543,False
realgt3,cosmx_bcc_spot_0000051008,0.7647058823529411,0.0,0.7647058823529411,0.7860051692450138,True
realgt3,cosmx_bcc_spot_0000051010,0.8947368421052632,0.0,0.8947368421052632,0.8662879979347958,True
realgt3,cosmx_bcc_spot_0000051411,0.8888888888888888,0.0,0.8888888888888888,0.8358936016558772,True
realgt3,cosmx_bcc_spot_0000051412,1.0,0.0,1.0,0.9946089677611143,False
realgt3,cosmx_bcc_spot_0000052221,1.0,0.0,1.0,0.9590591503911288,False
realgt3,cosmx_bcc_spot_0000054241,1.0,0.0,1.0,0.995287025912872,False
realgt3,cosmx_bcc_spot_0000054643,0.8181818181818182,0.0,0.8181818181818182,0.5759516381809067,True
realgt3,cosmx_bcc_spot_0000054644,1.0,0.0,1.0,0.9773716046495264,False
realgt3,cosmx_bcc_spot_0000055047,0.9375,0.0,0.9375,0.7365431675140004,True
realgt3,cosmx_bcc_spot_0000055448,0.0,0.0,0.0,2.510185438533637e-06,True
realgt3,cosmx_bcc_spot_0000055455,0.1666666666666666,0.0,0.1666666666666666,0.008855683258333868,True
realgt3,cosmx_bcc_spot_0000055853,0.4,0.0,0.4,0.05337081415043519,True
realgt3,cosmx_bcc_spot_0000063692,0.8235294117647058,0.0,0.8235294117647058,0.7745420356154327,True
realgt3,cosmx_bcc_spot_0000063693,0.1923076923076923,0.0,0.1923076923076923,0.38451123590159497,True
realgt3,cosmx_bcc_spot_0000064497,1.0,0.0,1.0,0.9383671813355006,False
realgt3,cosmx_bcc_spot_0000064900,0.9333333333333332,0.0,0.9333333333333332,0.9144638185655386,True
realgt3,cosmx_bcc_spot_0000064901,1.0,0.0,1.0,0.9776681640027342,False
realgt3,cosmx_bcc_spot_0000064997,0.0,0.8888888888888888,0.8888888888888888,0.9405339564996568,True
realgt3,cosmx_bcc_spot_0000065002,0.2857142857142857,0.1428571428571428,0.4285714285714285,0.46902936226599323,True
realgt3,cosmx_bcc_spot_0000065290,0.1,0.2,0.30000000000000004,0.1868854329476159,True
realgt3,cosmx_bcc_spot_0000065307,0.8947368421052632,0.0,0.8947368421052632,0.9648084741368785,True
realgt3,cosmx_bcc_spot_0000065398,0.0769230769230769,0.4615384615384615,0.5384615384615384,0.41764334553052546,True
realgt3,cosmx_bcc_spot_0000065405,0.2,0.0,0.2,0.3552394793031187,True
realgt3,cosmx_bcc_spot_0000065683,0.1176470588235294,0.0588235294117647,0.1764705882352941,0.04525576258145703,True
realgt3,cosmx_bcc_spot_0000065689,0.0,0.0,0.0,0.010814026400142729,True
realgt3,cosmx_bcc_spot_0000065697,0.6842105263157895,0.1578947368421052,0.8421052631578947,0.5566644292501857,True
realgt3,cosmx_bcc_spot_0000065700,0.95,0.0,0.95,0.8661241770816248,True
realgt3,cosmx_bcc_spot_0000065738,0.5714285714285714,0.0,0.5714285714285714,0.5724993274026761,True
realgt3,cosmx_bcc_spot_0000065801,0.0,0.2222222222222222,0.2222222222222222,0.3217245351514836,True
realgt3,cosmx_bcc_spot_0000066101,0.8888888888888888,0.0555555555555555,0.9444444444444443,0.8550937810962366,True
realgt3,cosmx_bcc_spot_0000066102,0.8947368421052632,0.0,0.8947368421052632,0.8310439259898739,True
realgt3,cosmx_bcc_spot_0000066103,0.9,0.0,0.9,0.9078976934510029,True
realgt3,cosmx_bcc_spot_0000066117,1.0,0.0,1.0,0.9731690868906129,False
realgt3,cosmx_bcc_spot_0000066122,0.0,0.0,0.0,2.148246971911963e-14,True
realgt3,cosmx_bcc_spot_0000066136,0.0,1.0,1.0,0.7999469203103147,True
realgt3,cosmx_bcc_spot_0000066245,0.0,0.125,0.125,0.7171333882847142,True
realgt3,cosmx_bcc_spot_0000066510,0.7083333333333334,0.0,0.7083333333333334,0.5921131733340057,True
realgt3,cosmx_bcc_spot_0000066522,1.0,0.0,1.0,0.9793208303996719,False
realgt3,cosmx_bcc_spot_0000066523,0.8421052631578947,0.0,0.8421052631578947,0.7692467545341577,True
realgt3,cosmx_bcc_spot_0000066524,1.0,0.0,1.0,0.9860915853303571,False
realgt3,cosmx_bcc_spot_0000066611,0.9473684210526316,0.0,0.9473684210526316,0.8288672485616152,True
realgt3,cosmx_bcc_spot_0000066618,0.0,0.0,0.0,3.565149480662872e-15,True
realgt3,cosmx_bcc_spot_0000066934,0.925925925925926,0.0,0.925925925925926,0.8464957707073119,True
realgt3,cosmx_bcc_spot_0000066941,0.0,0.0,0.0,0.02211725592578841,True
realgt3,cosmx_bcc_spot_0000066945,0.1052631578947368,0.6842105263157895,0.7894736842105263,0.7441990064686115,True
realgt3,cosmx_bcc_spot_0000067012,0.0,0.9230769230769232,0.9230769230769232,0.5336290473997736,True
realgt3,cosmx_bcc_spot_0000067033,0.3333333333333333,0.0,0.3333333333333333,0.05702426900390998,True
realgt3,cosmx_bcc_spot_0000067034,0.0,0.0,0.0,1.7629081711859394e-15,True
realgt3,cosmx_bcc_spot_0000067061,0.2222222222222222,0.0,0.2222222222222222,0.014685545042334228,True
realgt3,cosmx_bcc_spot_0000067295,0.4814814814814814,0.037037037037037,0.5185185185185184,0.3377885449262098,True
realgt3,cosmx_bcc_spot_0000067312,0.75,0.0,0.75,0.8557693910923849,True
realgt3,cosmx_bcc_spot_0000067315,0.3809523809523809,0.0,0.3809523809523809,0.15158692372902957,True
realgt3,cosmx_bcc_spot_0000067323,1.0,0.0,1.0,0.9782536049604625,False
realgt3,cosmx_bcc_spot_0000067347,0.0,0.0,0.0,2.3112746325959737e-15,True
realgt3,cosmx_bcc_spot_0000067415,0.0,1.0,1.0,0.43375683762491124,True
realgt3,cosmx_bcc_spot_0000067419,1.0,0.0,1.0,0.9558569531029301,False
realgt3,cosmx_bcc_spot_0000067434,1.0,0.0,1.0,0.8573484360934689,False
realgt3,cosmx_bcc_spot_0000067462,0.0,0.0,0.0,0.0050717849074271,True
realgt3,cosmx_bcc_spot_0000067847,1.0,0.0,1.0,0.8784347017672193,False
realgt3,cosmx_bcc_spot_0000067848,0.935483870967742,0.0,0.935483870967742,0.7051906293905937,True
realgt3,cosmx_bcc_spot_0000068110,0.0,0.0,0.0,3.408773536339365e-15,True
realgt3,cosmx_bcc_spot_0000068130,1.0,0.0,1.0,0.9281465723324603,False
realgt3,cosmx_bcc_spot_0000068132,0.9090909090909092,0.0,0.9090909090909092,0.944248016258325,True
realgt3,cosmx_bcc_spot_0000068227,1.0,0.0,1.0,0.8252636586094485,False
realgt3,cosmx_bcc_spot_0000068235,1.0,0.0,1.0,0.972656671794339,False
realgt3,cosmx_bcc_spot_0000068244,0.9130434782608696,0.0,0.9130434782608696,0.8195372543590946,True
realgt3,cosmx_bcc_spot_0000068253,0.5294117647058824,0.0,0.5294117647058824,0.13946959460054337,True
realgt3,cosmx_bcc_spot_0000068265,0.75,0.0,0.75,0.5663918215745017,True
realgt3,cosmx_bcc_spot_0000068268,0.6111111111111112,0.1666666666666666,0.7777777777777778,0.5885596089061286,True
realgt3,cosmx_bcc_spot_0000068509,0.4347826086956521,0.0,0.4347826086956521,0.1146226631995665,True
realgt3,cosmx_bcc_spot_0000068513,0.0,0.0,0.0,3.4640289565716277e-15,True
realgt3,cosmx_bcc_spot_0000068520,0.0,0.0,0.0,2.0733026565032954e-15,True
realgt3,cosmx_bcc_spot_0000068633,0.8,0.0,0.8,0.7943052837922905,True
realgt3,cosmx_bcc_spot_0000068668,0.0,0.0,0.0,3.1823303344047557e-15,True
realgt3,cosmx_bcc_spot_0000068911,0.4,0.0,0.4,0.3233363033104851,True
realgt3,cosmx_bcc_spot_0000068931,0.1363636363636363,0.0,0.1363636363636363,3.1694474171176603e-15,True
realgt3,cosmx_bcc_spot_0000068955,0.0,0.0,0.0,2.823484815604131e-15,True
realgt3,cosmx_bcc_spot_0000069042,1.0,0.0,1.0,0.9544082978988438,False
realgt3,cosmx_bcc_spot_0000069076,0.45,0.0,0.45,0.4988119598270549,True
realgt3,cosmx_bcc_spot_0000069317,0.5,0.0,0.5,0.3182717003082002,True
realgt3,cosmx_bcc_spot_0000069355,0.9615384615384616,0.0,0.9615384615384616,0.6505142941956248,True
realgt3,cosmx_bcc_spot_0000069376,0.0,0.0,0.0,4.0116534158623936e-15,True
realgt3,cosmx_bcc_spot_0000069486,0.3181818181818182,0.0,0.3181818181818182,0.3702265971215676,True
realgt3,cosmx_bcc_spot_0000069718,1.0,0.0,1.0,0.9070312153885904,False
realgt3,cosmx_bcc_spot_0000069749,0.0,0.0,0.0,3.65715234439769e-15,True
realgt3,cosmx_bcc_spot_0000069882,0.1052631578947368,0.0,0.1052631578947368,2.5218723628497064e-15,True
realgt3,cosmx_bcc_spot_0000070146,0.25,0.0,0.25,0.06716772156943436,True
realgt3,cosmx_bcc_spot_0000070148,0.2222222222222222,0.0,0.2222222222222222,2.7054488485644952e-15,True
realgt3,cosmx_bcc_spot_0000070550,0.0,0.0,0.0,1.8756921767447346e-15,True
realgt3,cosmx_bcc_spot_0000070699,0.9090909090909092,0.0,0.9090909090909092,0.8258309803002606,True
realgt3,cosmx_bcc_spot_0000070963,1.0,0.0,1.0,0.7341892307455186,False
realgt3,cosmx_bcc_spot_0000070965,0.0,0.0,0.0,3.108180132301899e-15,True
realgt3,cosmx_bcc_spot_0000071103,0.375,0.0,0.375,0.3172314890820887,True
realgt3,cosmx_bcc_spot_0000071358,0.5,0.0,0.5,0.19722007699152433,True
realgt3,cosmx_bcc_spot_0000071505,0.0,0.0,0.0,3.4563566568907424e-15,True
realgt3,cosmx_bcc_spot_0000071764,0.0,0.0,0.0,3.0875305475704202e-15,True
realgt3,cosmx_bcc_spot_0000071907,0.0,0.0,0.0,2.445437023384741e-15,True
realgt3,cosmx_bcc_spot_0000072176,0.0,0.0,0.0,3.5167168197135365e-15,True
realgt3,cosmx_bcc_spot_0000072303,0.0909090909090909,0.0,0.0909090909090909,0.006539583951419532,True
realgt3,cosmx_bcc_spot_0000072309,0.0,0.0,0.0,1.9136091576338027e-15,True
realgt3,cosmx_bcc_spot_0000072573,0.0,0.0,0.0,2.5967186455367322e-15,True
realgt3,cosmx_bcc_spot_0000072711,0.0,0.0,0.0,1.936656412920064e-15,True
realgt3,cosmx_bcc_spot_0000073121,0.0,0.0,0.0,3.2110732279294284e-15,True
realgt3,cosmx_bcc_spot_0000074331,0.0,0.0,0.0,2.85318626988657e-15,True
realgt3,cosmx_bcc_spot_0000074732,0.0,0.0,0.0,2.4988186158632892e-15,True
realgt3,cosmx_bcc_spot_0000074736,0.0,0.0,0.0,3.0355938028260865e-15,True
realgt3,cosmx_bcc_spot_0000075134,0.0,0.0,0.0,3.83296559891823e-15,True
realgt3,cosmx_bcc_spot_0000076451,0.9166666666666666,0.0,0.9166666666666666,0.9283115000806087,True
realgt3,cosmx_bcc_spot_0000076859,0.5909090909090909,0.0,0.5909090909090909,0.5632848241475291,True
realgt3,cosmx_bcc_spot_0000078070,0.9230769230769232,0.0,0.9230769230769232,0.9059657236967704,True
realgt3,cosmx_bcc_spot_0000078072,0.9444444444444444,0.0,0.9444444444444444,0.9566363023426095,True
realgt3,cosmx_bcc_spot_0000078473,1.0,0.0,1.0,0.9101993453290644,False
realgt3,cosmx_bcc_spot_0000078475,0.9130434782608696,0.0,0.9130434782608696,0.9251486303817623,True
realgt3,cosmx_bcc_spot_0000078477,1.0,0.0,1.0,0.9446113345688828,False
realgt3,cosmx_bcc_spot_0000078875,1.0,0.0,1.0,0.9418299213332221,False
realgt3,cosmx_bcc_spot_0000079281,0.631578947368421,0.0,0.631578947368421,0.6157003769298771,True
realgt3,cosmx_bcc_spot_0000080083,0.0,1.0,1.0,0.8055552861864415,True
realgt3,cosmx_bcc_spot_0000080087,0.125,0.0,0.125,0.09694845539182291,True
realgt3,cosmx_bcc_spot_0000080106,0.7272727272727273,0.0,0.7272727272727273,0.6262764097770281,True
realgt3,cosmx_bcc_spot_0000080487,0.1818181818181818,0.1818181818181818,0.3636363636363636,0.1288035705163022,True
realgt3,cosmx_bcc_spot_0000080493,0.8235294117647058,0.0,0.8235294117647058,0.7120622605597352,True
realgt3,cosmx_bcc_spot_0000080507,0.9444444444444444,0.0,0.9444444444444444,0.8255098690200688,True
realgt3,cosmx_bcc_spot_0000080899,0.9166666666666666,0.0,0.9166666666666666,0.9263344117589364,True
realgt3,cosmx_bcc_spot_0000080912,1.0,0.0,1.0,0.853360501912399,False
realgt3,cosmx_bcc_spot_0000080914,0.9736842105263158,0.0,0.9736842105263158,0.8350825015385261,True
realgt3,cosmx_bcc_spot_0000082926,0.9615384615384616,0.0,0.9615384615384616,0.65913950200319,True
realgt3,cosmx_bcc_spot_0000082934,0.6666666666666666,0.0,0.6666666666666666,0.4257457165506907,True
realgt3,cosmx_bcc_spot_0000083257,0.0,0.0,0.0,0.016928361327625333,True
realgt3,cosmx_bcc_spot_0000083722,0.9523809523809524,0.0,0.9523809523809524,0.849572251236467,True
realgt3,cosmx_bcc_spot_0000084141,0.875,0.0,0.875,0.6512861780423769,True
realgt3,cosmx_bcc_spot_0000084142,1.0,0.0,1.0,0.707456974274977,False
realgt3,cosmx_bcc_spot_0000084871,0.0833333333333333,0.25,0.3333333333333333,0.1700020944983388,True
realgt3,cosmx_bcc_spot_0000084875,0.5,0.0,0.5,0.3136310998546404,True
realgt3,cosmx_bcc_spot_0000084878,0.8,0.0,0.8,0.7237519815864387,True
realgt3,cosmx_bcc_spot_0000085281,0.0,0.0,0.0,3.455380487302653e-15,True
realgt3,cosmx_bcc_spot_0000085682,0.0,0.0,0.0,0.017616710277673347,True
realgt3,cosmx_bcc_spot_0000085760,0.4,0.0,0.4,0.0340248389256157,True
realgt3,cosmx_bcc_spot_0000086086,0.0,0.0,0.0,0.05671969256214606,True
realgt3,cosmx_bcc_spot_0000086089,0.9444444444444444,0.0,0.9444444444444444,0.7551556921308386,True
realgt3,cosmx_bcc_spot_0000086091,0.8260869565217391,0.0,0.8260869565217391,0.6639174195385018,True
realgt3,cosmx_bcc_spot_0000086153,0.9615384615384616,0.0,0.9615384615384616,0.8722480560916799,True
realgt3,cosmx_bcc_spot_0000086159,0.0,0.0,0.0,0.0011661457209791,True
realgt3,cosmx_bcc_spot_0000086490,0.0,0.0,0.0,0.01471118064410702,True
realgt3,cosmx_bcc_spot_0000086496,1.0,0.0,1.0,0.9999980538993564,False
realgt3,cosmx_bcc_spot_0000086559,0.8947368421052632,0.0,0.8947368421052632,0.6992060243655029,True
realgt3,cosmx_bcc_spot_0000086565,0.0,0.0,0.0,0.0001175627616863717,True
realgt3,cosmx_bcc_spot_0000086901,1.0,0.0,1.0,0.9936418846738564,False
realgt3,cosmx_bcc_spot_0000086970,0.1111111111111111,0.0,0.1111111111111111,0.011783035513619195,True
realgt3,cosmx_bcc_spot_0000087701,0.0,0.0,0.0,0.013935094945724305,True
realgt3,cosmx_bcc_spot_0000087704,0.8947368421052632,0.0,0.8947368421052632,0.611087555952263,True
realgt3,cosmx_bcc_spot_0000087705,0.375,0.0,0.375,0.1696515850778319,True
realgt3,cosmx_bcc_spot_0000087706,0.9047619047619048,0.0,0.9047619047619048,0.748311458903356,True
realgt3,cosmx_bcc_spot_0000088509,0.0,0.0,0.0,0.009203886486883757,True
realgt3,cosmx_bcc_spot_0000088914,0.0,0.0,0.0,0.007393903189058387,True
realgt3,cosmx_bcc_spot_0000088986,1.0,0.0,1.0,0.8313180242460162,False
realgt3,cosmx_bcc_spot_0000089318,0.0,0.0,0.0,0.00702822064008337,True
realgt3,cosmx_bcc_spot_0000089390,0.4,0.0,0.4,0.24525633453010012,True
realgt3,cosmx_bcc_spot_0000089392,0.0,0.0,0.0,0.006358952015392178,True
realgt3,cosmx_bcc_spot_0000089396,0.1,0.1,0.2,0.0021361217865117064,True
realgt3,cosmx_bcc_spot_0000089722,0.2,0.0,0.2,0.07184367785412549,True
realgt3,cosmx_bcc_spot_0000089794,0.1666666666666666,0.0,0.1666666666666666,0.007642948446136398,True
realgt3,cosmx_bcc_spot_0000090196,0.1428571428571428,0.0,0.1428571428571428,0.04417717912323722,True
realgt3,cosmx_bcc_spot_0000090198,0.0,0.0,0.0,0.042274741024404226,True
realgt3,cosmx_bcc_spot_0000090537,0.0,0.0,0.0,0.0156672910588206,True
realgt3,cosmx_bcc_spot_0000090932,0.0,0.0,0.0,0.0026554438465572405,True
realgt3,cosmx_bcc_spot_0000091336,0.0588235294117647,0.0,0.0588235294117647,0.01821480090049966,True
realgt3,cosmx_bcc_spot_0000091744,0.0,0.0,0.0,0.001448188613045927,True
realgt3,cosmx_bcc_spot_0000091748,0.1666666666666666,0.0,0.1666666666666666,0.010300119077202569,True
realgt3,cosmx_bcc_spot_0000092150,0.0,0.0,0.0,0.060470666502358196,True
realgt3,cosmx_bcc_spot_0000092555,0.1111111111111111,0.0,0.1111111111111111,0.028576407365398234,True
realgt3,cosmx_bcc_spot_0000093769,0.875,0.0,0.875,0.7010314092791138,True
realgt3,cosmx_bcc_spot_0000094985,0.5454545454545454,0.0,0.5454545454545454,0.506124943056887,True
realgt3,cosmx_bcc_spot_0000095786,0.6428571428571429,0.0,0.6428571428571429,0.532549951343008,True
realgt3,cosmx_bcc_spot_0000095790,0.9615384615384616,0.0,0.9615384615384616,0.8942055394250666,True
realgt3,cosmx_bcc_spot_0000096188,1.0,0.0,1.0,0.8438488436445818,False
realgt3,cosmx_bcc_spot_0000096596,0.6842105263157895,0.0,0.6842105263157895,0.5717707146526531,True
realgt3,cosmx_bcc_spot_0000097395,0.5454545454545454,0.0,0.5454545454545454,0.3812655642483831,True
realgt3,cosmx_bcc_spot_0000097404,0.4285714285714285,0.0,0.4285714285714285,0.44157362804948247,True
realgt3,cosmx_bcc_spot_0000097797,0.8461538461538461,0.0,0.8461538461538461,0.5327860601101363,True
realgt3,cosmx_bcc_spot_0000098195,0.8461538461538461,0.1538461538461538,1.0,0.8496095856977268,True
realgt3,cosmx_bcc_spot_0000098203,0.7142857142857143,0.0,0.7142857142857143,0.4264303740824798,True
realgt3,cosmx_bcc_spot_0000098602,0.0,0.0,0.0,0.007297540162690215,True
realgt3,cosmx_bcc_spot_0000098606,0.6111111111111112,0.0,0.6111111111111112,0.399389989964342,True
realgt3,cosmx_bcc_spot_0000098607,0.0769230769230769,0.0,0.0769230769230769,0.0023288390803558002,True
realgt3,cosmx_bcc_spot_0000099008,0.631578947368421,0.0526315789473684,0.6842105263157894,0.5174339596621548,True
realgt3,cosmx_bcc_spot_0000099821,0.6666666666666666,0.0,0.6666666666666666,0.4563634714407766,True
realgt3,cosmx_bcc_spot_0000100622,0.75,0.1666666666666666,0.9166666666666666,0.2831049525519171,True
realgt3,cosmx_bcc_spot_0000100624,0.7,0.0,0.7,0.4229308702100926,True
realgt3,cosmx_bcc_spot_0000101031,0.8181818181818182,0.0,0.8181818181818182,0.7038061289558833,True
realgt3,cosmx_bcc_spot_0000101432,0.3333333333333333,0.0,0.3333333333333333,0.11193902800462201,True
realgt3,cosmx_bcc_spot_0000101897,0.0,1.0,1.0,0.9092750983101402,True
realgt3,cosmx_bcc_spot_0000102309,0.1904761904761904,0.0,0.1904761904761904,0.0664143671274545,True
realgt3,cosmx_bcc_spot_0000102714,0.8076923076923077,0.0,0.8076923076923077,0.7051991605018076,True
realgt3,cosmx_bcc_spot_0000103517,1.0,0.0,1.0,0.9441985642769657,False
realgt3,cosmx_bcc_spot_0000103926,1.0,0.0,1.0,0.9563714904486151,False
realgt3,cosmx_bcc_spot_0000104321,0.9545454545454546,0.0,0.9545454545454546,0.8935239440698294,True
realgt3,cosmx_bcc_spot_0000105133,0.8636363636363636,0.0,0.8636363636363636,0.6405225672863164,True
realgt3,cosmx_bcc_spot_0000105538,0.3125,0.0,0.3125,0.2439437393427639,True
realgt3,cosmx_bcc_spot_0000106741,0.3636363636363636,0.6363636363636364,1.0,0.8092154365009152,True
realgt3,cosmx_bcc_spot_0000107144,0.0,0.9130434782608696,0.9130434782608696,0.6475580606228326,True
realgt3,cosmx_bcc_spot_0000107146,0.064516129032258,0.0,0.064516129032258,0.1111253621305173,True
realgt3,cosmx_bcc_spot_0000107148,0.0,0.0,0.0,0.039631513703659305,True
realgt3,cosmx_bcc_spot_0000107154,0.6,0.0,0.6,0.44014526028113227,True
realgt3,cosmx_bcc_spot_0000107958,0.3636363636363636,0.0,0.3636363636363636,0.2212862498927064,True
realgt3,cosmx_bcc_spot_0000108769,0.6,0.0,0.6,0.706682838280863,True
realgt3,cosmx_bcc_spot_0000108771,1.0,0.0,1.0,0.9662046496917187,False
realgt3,cosmx_bcc_spot_0000109167,1.0,0.0,1.0,0.9265607490607349,False
realgt3,cosmx_bcc_spot_0000109973,1.0,0.0,1.0,0.9999694340045293,False
realgt3,cosmx_bcc_spot_0000110784,0.8571428571428571,0.1428571428571428,0.9999999999999999,0.9999999999999842,True
